Behavior portable serial 6	Run portable serial shard 6	﻿2026-10-01T19:46:04.4329739Z ##[group]Run set -eu
Behavior portable serial 6	Run portable serial shard 6	2026-10-01T19:46:04.4330030Z ^[[36;1mset -eu^[[0m
Behavior portable serial 6	Run portable serial shard 6	2026-10-01T19:46:04.4330258Z ^[[36;1mmkdir -p "$RUNNER_TEMP/fm-test"^[[0m
Behavior portable serial 6	Run portable serial shard 6	2026-10-01T19:46:04.4330644Z ^[[36;1m# The Pi package is installed above and CI provides npm and tsc, so^[[0m
Behavior portable serial 6	Run portable serial shard 6	2026-10-01T19:46:04.4331163Z ^[[36;1m# any missing typecheck prerequisite is a broken lane, not a valid skip.^[[0m
Behavior portable serial 6	Run portable serial shard 6	2026-10-01T19:46:04.4331617Z ^[[36;1mbin/fm-test-run.sh --lane "$FM_SERIAL_LANE" \^[[0m
Behavior portable serial 6	Run portable serial shard 6	2026-10-01T19:46:04.4332075Z ^[[36;1m  --fail-on-gate-skip 'Pi extension typecheck prerequisite not found' \^[[0m
Behavior portable serial 6	Run portable serial shard 6	2026-10-01T19:46:04.4332683Z ^[[36;1m  --json "$RUNNER_TEMP/fm-test/fm-test-timing-portable-serial-${FM_SERIAL_SHARD}.json"^[[0m
Behavior portable serial 6	Run portable serial shard 6	2026-10-01T19:46:04.4395816Z shell: /usr/bin/bash -e {0}
Behavior portable serial 6	Run portable serial shard 6	2026-10-01T19:46:04.4396356Z env:
Behavior portable serial 6	Run portable serial shard 6	2026-10-01T19:46:04.4396601Z   FM_SERIAL_LANE: portable-serial-6of9
Behavior portable serial 6	Run portable serial shard 6	2026-10-01T19:46:04.4396879Z   FM_SERIAL_SHARD: 6
Behavior portable serial 6	Run portable serial shard 6	2026-10-01T19:46:04.4397090Z ##[endgroup]
Behavior portable serial 6	Run portable serial shard 6	2026-10-01T19:46:05.6610709Z FM_TEST_BEGIN 2026-10-01T19:46:05Z tests/fm-pr-check-security.test.sh family=pr-forge expected_gate_skip=none
Behavior portable serial 6	Run portable serial shard 6	2026-10-01T19:46:05.8411243Z ok - raw-byte parser accepts canonical URLs and rejects the complete adversarial matrix
Behavior portable serial 6	Run portable serial shard 6	2026-10-01T19:46:19.3219219Z ok - GitLab merge requests are followed on any instance and never wake falsely
Behavior portable serial 6	Run portable serial shard 6	2026-10-01T19:46:44.3702079Z ok - the Gerrit watch wakes only on an explicit merged status and never on submittability
Behavior portable serial 6	Run portable serial shard 6	2026-10-01T19:46:45.1959875Z ok - Gerrit arming records no patch set revision and the merge path refuses to submit
Behavior portable serial 6	Run portable serial shard 6	2026-10-01T19:46:46.4344390Z ok - Gerrit arming accepts a published HEAD only by the change's current patch set tree
Behavior portable serial 6	Run portable serial shard 6	2026-10-01T19:46:48.6628920Z ok - a no-mistakes Gerrit ready report requires the pipeline's fixes recovered into the published copy
Behavior portable serial 6	Run portable serial shard 6	2026-10-01T19:46:53.4858793Z ok - validated merged polls notify once and retire before the next watcher cycle
Behavior portable serial 6	Run portable serial shard 6	2026-10-01T19:46:59.8973000Z ok - a repeat identical merged poll for an already-notified task is absorbed, never queued as a main-blocking row
Behavior portable serial 6	Run portable serial shard 6	2026-10-01T19:47:05.4072196Z ok - a failed upward merge report keeps its poll armed for repair and retry
Behavior portable serial 6	Run portable serial shard 6	2026-10-01T19:47:16.3170767Z ok - staged self-merge and poll interleavings are never silent
Behavior portable serial 6	Run portable serial shard 6	2026-10-01T19:47:25.7279831Z ok - queued merges retain their away authority after captain return
Behavior portable serial 6	Run portable serial shard 6	2026-10-01T19:47:33.0027125Z ok - poll distinguishes attended authorization from external landing
Behavior portable serial 6	Run portable serial shard 6	2026-10-01T19:47:35.4187766Z ok - accepted merge authority refuses rebound task metadata
Behavior portable serial 6	Run portable serial shard 6	2026-10-01T19:47:37.2205620Z ok - accepted merge authority persists under the lifecycle lock
Behavior portable serial 6	Run portable serial shard 6	2026-10-01T19:47:42.7501981Z ok - teardown cannot race merged-poll authority consumption
Behavior portable serial 6	Run portable serial shard 6	2026-10-01T19:47:51.5898357Z ok - poll retirement preserves a replacement authority record
Behavior portable serial 6	Run portable serial shard 6	2026-10-01T19:47:58.0960349Z ok - a merge detected by the poll is reported upward from a secondmate home exactly once
Behavior portable serial 6	Run portable serial shard 6	2026-10-01T19:48:04.3424644Z ok - a different merged PR for the same task gets its own first notification
Behavior portable serial 6	Run portable serial shard 6	2026-10-01T19:48:07.2273054Z ok - a merged poll on a persistent secondmate retires silently: no outcome, marker, or wake, and every lifecycle artifact preserved
Behavior portable serial 6	Run portable serial shard 6	2026-10-01T19:48:24.7880493Z ok - queue, receipt, and every fixed-path removal crash point recover without loss or repeated execution
Behavior portable serial 6	Run portable serial shard 6	2026-10-01T19:48:39.2268451Z ok - open/red, closed-unmerged, malformed, and forge errors remain armed until an exact merged transition
Behavior portable serial 6	Run portable serial shard 6	2026-10-01T19:48:44.9738105Z ok - replacement, nonterminal, tampered, and custom results receive no deletion authority
Behavior portable serial 6	Run portable serial shard 6	2026-10-01T19:48:48.2663963Z ok - queue failure and untrusted receipts preserve canonical poll evidence
Behavior portable serial 6	Run portable serial shard 6	2026-10-01T19:48:50.9580753Z ok - GitHub and GitLab exact merged results share one retirement path
Behavior portable serial 6	Run portable serial shard 6	2026-10-01T19:49:41.2937686Z ok - PR and teardown entrypoints reject invalid arguments before every side effect
Behavior portable serial 6	Run portable serial shard 6	2026-10-01T19:49:42.6837390Z ok - arming refuses a draft pull request, naming it, and arms a ready or unreadable one
Behavior portable serial 6	Run portable serial shard 6	2026-10-01T19:49:42.7643848Z ok - fm-pr-check refuses to record a PR or arm a merge watch on a secondmate record
Behavior portable serial 6	Run portable serial shard 6	2026-10-01T19:49:42.8852463Z ok - fm-pr-check refuses to register a PR whose named head is only in the worker copy
Behavior portable serial 6	Run portable serial shard 6	2026-10-01T19:49:43.0065795Z ok - fm-pr-check refuses a direct-PR registration while a later commit is only in the copy
Behavior portable serial 6	Run portable serial shard 6	2026-10-01T19:50:01.1506894Z ok - valid direct and merge flows record exact metadata and reject multiline head metadata
Behavior portable serial 6	Run portable serial shard 6	2026-10-01T19:50:08.3012511Z ok - rejected metacharacter bytes remain inert at generation and watcher time
Behavior portable serial 6	Run portable serial shard 6	2026-10-01T19:50:12.1980511Z ok - static poll is silent except for one merged line and remains watcher-bounded
Behavior portable serial 6	Run portable serial shard 6	2026-10-01T19:50:12.3323655Z ok - interrupted atomic preparation cleans private temporaries and publishes nothing
Behavior portable serial 6	Run portable serial shard 6	2026-10-01T19:50:20.0497878Z ok - concurrent watchers observe only complete private poll publications
Behavior portable serial 6	Run portable serial shard 6	2026-10-01T19:50:21.7805567Z ok - poll publication paths refuse symlinks and directories
Behavior portable serial 6	Run portable serial shard 6	2026-10-01T19:50:24.5628750Z ok - live poll and custom-check artifacts require private single-link files
Behavior portable serial 6	Run portable serial shard 6	2026-10-01T19:50:30.9593410Z ok - a poll armed before a volume renumber is re-recorded under the control lock and keeps detecting merges
Behavior portable serial 6	Run portable serial shard 6	2026-10-01T19:50:44.9923117Z ok - a renumbered registration is never re-recorded around a tampered artifact: swapped-check altered-check swapped-sidecar altered-sidecar altered-template-hash wrong-mode hardlinked-check split-device foreign-device, or a pending retirement
Behavior portable serial 6	Run portable serial shard 6	2026-10-01T19:50:47.1499305Z ok - direct re-arm publication waits without replacing an armed poll
Behavior portable serial 6	Run portable serial shard 6	2026-10-01T19:50:51.1234818Z ok - device re-record publication waits without rewriting its registration
Behavior portable serial 6	Run portable serial shard 6	2026-10-01T19:51:01.9276813Z ok - post-rename poll validation faults revoke both names and allow a clean retry
Behavior portable serial 6	Run portable serial shard 6	2026-10-01T19:51:02.3121391Z ok - bootstrap does not rewrite unauthenticated checks or emit retired migration diagnostics
Behavior portable serial 6	Run portable serial shard 6	2026-10-01T19:51:03.4026643Z ok - watcher signals promptly stop custom checks and clean private state
Behavior portable serial 6	Run portable serial shard 6	2026-10-01T19:51:06.4299352Z ok - returned custom check descendants are drained on installed and fallback timeout paths
Behavior portable serial 6	Run portable serial shard 6	2026-10-01T19:51:12.4481472Z ok - teardown removes safe poll artifacts and refuses directory-shaped check files without traversal
Behavior portable serial 6	Run portable serial shard 6	2026-10-01T19:51:13.0739531Z FM_TEST_END 2026-10-01T19:51:13Z tests/fm-pr-check-security.test.sh exit=0 duration_ms=307405 gate_skip=false
Behavior portable serial 6	Run portable serial shard 6	2026-10-01T19:51:13.0966930Z FM_TEST_BEGIN 2026-10-01T19:51:13Z tests/fm-wake-queue.test.sh family=watcher-wake-lock expected_gate_skip=none
Behavior portable serial 6	Run portable serial shard 6	2026-10-01T19:51:13.2763521Z ok - an abandoned same-process lock hold is reclaimed; a parent's live hold is not
Behavior portable serial 6	Run portable serial shard 6	2026-10-01T19:51:13.4357900Z ok - without BASHPID a subshell cannot release or reclaim its parent lock and owns its own hold
Behavior portable serial 6	Run portable serial shard 6	2026-10-01T19:51:13.8169614Z ok - bounded acquire hands ownership to the waiting caller after contention
Behavior portable serial 6	Run portable serial shard 6	2026-10-01T19:51:19.9019657Z ok - presentation lock waits are bounded and retriable without weakening acknowledgement atomicity
Behavior portable serial 6	Run portable serial shard 6	2026-10-01T19:51:21.6152358Z ok - malformed presentation locks report acquire failure instead of contention
Behavior portable serial 6	Run portable serial shard 6	2026-10-01T19:51:22.2075105Z tests/wake-helpers.sh: line 315: 190494 Killed                  PATH="$dir/fakebin:$PATH" FM_FAKE_NOW_FILE="$dir/now" FM_HOME="$dir" FM_ROOT_OVERRIDE="$ROOT" FM_STATE_OVERRIDE="$dir/state" FM_FAKE_TMUX_WINDOW='firstmate:fm-mate' FM_SECONDMATE_WAKE_STALL_SECS=1 FM_SECONDMATE_LIVENESS_SECS=99999999 FM_POLL=1 FM_SIGNAL_GRACE=0 FM_CHECK_INTERVAL=999999 FM_HEARTBEAT=999999 "$WATCH" > "$dir/watch-$leg.out" 2> "$dir/watch-$leg.err"
Behavior portable serial 6	Run portable serial shard 6	2026-10-01T19:51:22.9039450Z tests/wake-helpers.sh: line 315: 191026 Killed                  PATH="$dir/fakebin:$PATH" FM_FAKE_NOW_FILE="$dir/now" FM_HOME="$dir" FM_ROOT_OVERRIDE="$ROOT" FM_STATE_OVERRIDE="$dir/state" FM_FAKE_TMUX_WINDOW='firstmate:fm-mate' FM_SECONDMATE_WAKE_STALL_SECS=1 FM_SECONDMATE_LIVENESS_SECS=99999999 FM_POLL=1 FM_SIGNAL_GRACE=0 FM_CHECK_INTERVAL=999999 FM_HEARTBEAT=999999 "$WATCH" > "$dir/watch-$leg.out" 2> "$dir/watch-$leg.err"
Behavior portable serial 6	Run portable serial shard 6	2026-10-01T19:51:25.2971222Z tests/wake-helpers.sh: line 315: 192957 Killed                  PATH="$dir/fakebin:$PATH" FM_FAKE_NOW_FILE="$dir/now" FM_HOME="$dir" FM_ROOT_OVERRIDE="$ROOT" FM_STATE_OVERRIDE="$dir/state" FM_FAKE_TMUX_WINDOW='firstmate:fm-mate' FM_SECONDMATE_WAKE_STALL_SECS=1 FM_SECONDMATE_LIVENESS_SECS=99999999 FM_POLL=1 FM_SIGNAL_GRACE=0 FM_CHECK_INTERVAL=999999 FM_HEARTBEAT=999999 "$WATCH" > "$dir/watch-$leg.out" 2> "$dir/watch-$leg.err"
Behavior portable serial 6	Run portable serial shard 6	2026-10-01T19:51:26.0867664Z ok - foreign secondmate queue alerts once per no-progress episode without age-only or cascade noise
Behavior portable serial 6	Run portable serial shard 6	2026-10-01T19:51:27.3435025Z ok - declared external-wait pause rows do not feed secondmate wake-loop escalation
Behavior portable serial 6	Run portable serial shard 6	2026-10-01T19:51:29.3963588Z ok - a reprovisioned queue generation starts a fresh no-progress interval
Behavior portable serial 6	Run portable serial shard 6	2026-10-01T19:51:33.6630655Z ok - an active turn defers the secondmate stall escalation without cancelling it
Behavior portable serial 6	Run portable serial shard 6	2026-10-01T19:51:40.4488000Z ok - a long-lived mate mid-turn is not a stall, but a queue frozen past the busy bound still alarms
Behavior portable serial 6	Run portable serial shard 6	2026-10-01T19:51:42.8940831Z ok - a proven-idle leftover row is rung so the child home can drain without a parent alarm
Behavior portable serial 6	Run portable serial shard 6	2026-10-01T19:51:45.7012069Z ok - busy panes defer without a ring and unknown panes keep the parent alarm
Behavior portable serial 6	Run portable serial shard 6	2026-10-01T19:51:48.8187026Z ok - a leftover row that survives a proven-idle ring still surfaces as a genuine stall
Behavior portable serial 6	Run portable serial shard 6	2026-10-01T19:51:49.3937202Z ok - secondmate stall markers reject symlinks without touching their targets
Behavior portable serial 6	Run portable serial shard 6	2026-10-01T19:51:51.2718113Z ok - stall publication acknowledgement closes the pre-marker crash window
Behavior portable serial 6	Run portable serial shard 6	2026-10-01T19:51:55.1366949Z ok - empty prefix mate cleanup preserves another mate's stall receipt
Behavior portable serial 6	Run portable serial shard 6	2026-10-01T19:51:56.3644589Z ok - self-announced appends suppress only their own bytes and fail toward waking
Behavior portable serial 6	Run portable serial shard 6	2026-10-01T19:51:57.7688668Z ok - separate self-announced answers after a fold stay owned; worker decisions and later lines still wake
Behavior portable serial 6	Run portable serial shard 6	2026-10-01T19:51:58.2560938Z ok - an unreadable status still reads as unreported, with or without owned growth
Behavior portable serial 6	Run portable serial shard 6	2026-10-01T19:51:59.1998820Z ok - a worker resolved in fold lag still wakes after this home's close
Behavior portable serial 6	Run portable serial shard 6	2026-10-01T19:52:00.5107389Z ok - owned growth suppresses the wake without hiding the turn-ended annotation
Behavior portable serial 6	Run portable serial shard 6	2026-10-01T19:52:03.9120445Z ok - historical annotations replay nothing already announced and keep everything new
Behavior portable serial 6	Run portable serial shard 6	2026-10-01T19:52:14.1347779Z WAKE_ACK_REQUIRED: after handling completes run bin/fm-wake-drain.sh --ack-through 33 --recovery-generation 218657.1790884324.HE0vY5
Behavior portable serial 6	Run portable serial shard 6	2026-10-01T19:52:15.9744732Z ok - concurrent append plus drain preserves durable records through acknowledgement
Behavior portable serial 6	Run portable serial shard 6	2026-10-01T19:52:21.4551561Z ok - signal written while no watcher runs is caught on next run
Behavior portable serial 6	Run portable serial shard 6	2026-10-01T19:52:22.9286571Z WAKE_ACK_REQUIRED: after handling completes run bin/fm-wake-drain.sh --ack-through 1 --recovery-generation 252363.1790884342.5zbRma
Behavior portable serial 6	Run portable serial shard 6	2026-10-01T19:52:23.8247417Z ●━━━━━━━━━━━━━━━━━━━━━━━━━━━━━━━━━━━━━━━━━━━━━━━━━━━━━━━━━━━━━━━━━━━━━━━
Behavior portable serial 6	Run portable serial shard 6	2026-10-01T19:52:23.8247991Z ●  WATCHER DOWN - SUPERVISION IS OFF
Behavior portable serial 6	Run portable serial shard 6	2026-10-01T19:52:23.8257527Z ●  1 task(s) in flight, but no live watcher process holds this home lock (last beat: 2s ago).
Behavior portable serial 6	Run portable serial shard 6	2026-10-01T19:52:23.8258959Z ●  Trust the emitted supervision protocol for this harness; do not use shell & for watcher repair.
Behavior portable serial 6	Run portable serial shard 6	2026-10-01T19:52:23.8260225Z ●  This is a supervision warning only; the guarded operation WILL still run.
Behavior portable serial 6	Run portable serial shard 6	2026-10-01T19:52:23.8261840Z ●  After draining queued wakes, repair missing watcher supervision according to the session-start block for this harness; do not use shell &.
Behavior portable serial 6	Run portable serial shard 6	2026-10-01T19:52:23.8263401Z ●━━━━━━━━━━━━━━━━━━━━━━━━━━━━━━━━━━━━━━━━━━━━━━━━━━━━━━━━━━━━━━━━━━━━━━━
Behavior portable serial 6	Run portable serial shard 6	2026-10-01T19:52:23.8264359Z WARNING: queued wakes pending - drain them with bin/fm-wake-drain.sh before anything else.
Behavior portable serial 6	Run portable serial shard 6	2026-10-01T19:52:23.8308310Z ok - stale wake is queued before suppressor state is advanced
Behavior portable serial 6	Run portable serial shard 6	2026-10-01T19:52:25.2980641Z WAKE_ACK_REQUIRED: after handling completes run bin/fm-wake-drain.sh --ack-through 1 --recovery-generation 254299.1790884344.qsfQQB
Behavior portable serial 6	Run portable serial shard 6	2026-10-01T19:52:26.1785220Z ●━━━━━━━━━━━━━━━━━━━━━━━━━━━━━━━━━━━━━━━━━━━━━━━━━━━━━━━━━━━━━━━━━━━━━━━
Behavior portable serial 6	Run portable serial shard 6	2026-10-01T19:52:26.1785775Z ●  WATCHER DOWN - SUPERVISION IS OFF
Behavior portable serial 6	Run portable serial shard 6	2026-10-01T19:52:26.1791136Z ●  1 task(s) in flight, but no live watcher process holds this home lock (last beat: 1s ago).
Behavior portable serial 6	Run portable serial shard 6	2026-10-01T19:52:26.1792280Z ●  Trust the emitted supervision protocol for this harness; do not use shell & for watcher repair.
Behavior portable serial 6	Run portable serial shard 6	2026-10-01T19:52:26.1793355Z ●  This is a supervision warning only; the guarded operation WILL still run.
Behavior portable serial 6	Run portable serial shard 6	2026-10-01T19:52:26.1794717Z ●  After draining queued wakes, repair missing watcher supervision according to the session-start block for this harness; do not use shell &.
Behavior portable serial 6	Run portable serial shard 6	2026-10-01T19:52:26.1796292Z ●━━━━━━━━━━━━━━━━━━━━━━━━━━━━━━━━━━━━━━━━━━━━━━━━━━━━━━━━━━━━━━━━━━━━━━━
Behavior portable serial 6	Run portable serial shard 6	2026-10-01T19:52:26.1796804Z WARNING: queued wakes pending - drain them with bin/fm-wake-drain.sh before anything else.
Behavior portable serial 6	Run portable serial shard 6	2026-10-01T19:52:26.1848965Z ok - a not-provably-working stale wake is queued before its suppressor is advanced
Behavior portable serial 6	Run portable serial shard 6	2026-10-01T19:52:27.4777375Z WAKE_ACK_REQUIRED: after handling completes run bin/fm-wake-drain.sh --ack-through 1 --recovery-generation 256189.1790884347.rtoNzm
Behavior portable serial 6	Run portable serial shard 6	2026-10-01T19:52:28.1264459Z ●━━━━━━━━━━━━━━━━━━━━━━━━━━━━━━━━━━━━━━━━━━━━━━━━━━━━━━━━━━━━━━━━━━━━━━━
Behavior portable serial 6	Run portable serial shard 6	2026-10-01T19:52:28.1265254Z ●  WATCHER DOWN - SUPERVISION IS OFF
Behavior portable serial 6	Run portable serial shard 6	2026-10-01T19:52:28.1270178Z ●  1 registered custom check(s), but no live watcher process holds this home lock (last beat: 1s ago).
Behavior portable serial 6	Run portable serial shard 6	2026-10-01T19:52:28.1271190Z ●  Trust the emitted supervision protocol for this harness; do not use shell & for watcher repair.
Behavior portable serial 6	Run portable serial shard 6	2026-10-01T19:52:28.1271971Z ●  This is a supervision warning only; the guarded operation WILL still run.
Behavior portable serial 6	Run portable serial shard 6	2026-10-01T19:52:28.1272881Z ●  After draining queued wakes, repair missing watcher supervision according to the session-start block for this harness; do not use shell &.
Behavior portable serial 6	Run portable serial shard 6	2026-10-01T19:52:28.1273686Z ●━━━━━━━━━━━━━━━━━━━━━━━━━━━━━━━━━━━━━━━━━━━━━━━━━━━━━━━━━━━━━━━━━━━━━━━
Behavior portable serial 6	Run portable serial shard 6	2026-10-01T19:52:28.1274220Z WARNING: queued wakes pending - drain them with bin/fm-wake-drain.sh before anything else.
Behavior portable serial 6	Run portable serial shard 6	2026-10-01T19:52:28.1314536Z ok - registered custom check output is queued before cadence suppression
Behavior portable serial 6	Run portable serial shard 6	2026-10-01T19:52:30.0688634Z ok - concurrent drains replay until one post-handling acknowledgement consumes records
Behavior portable serial 6	Run portable serial shard 6	2026-10-01T19:52:30.6120917Z WAKE_ACK_REQUIRED: after handling completes run bin/fm-wake-drain.sh --ack-through 4 --recovery-generation 259206.1790884350.5udt2R
Behavior portable serial 6	Run portable serial shard 6	2026-10-01T19:52:31.0386902Z ok - drain collapses obvious duplicate heartbeat and signal records
Behavior portable serial 6	Run portable serial shard 6	2026-10-01T19:52:32.3696687Z ok - drain asserts watcher liveness: warns on a lapse, stays silent for a live watcher with a fresh beacon
Behavior portable serial 6	Run portable serial shard 6	2026-10-01T19:52:33.2653165Z WAKE_ACK_REQUIRED: after handling completes run bin/fm-wake-drain.sh --ack-through 8 --recovery-generation 260796.1790884352.vwvoF7
Behavior portable serial 6	Run portable serial shard 6	2026-10-01T19:52:33.8134443Z ok - structural signal enrichment is separate, deduped, home-local, and tier-zero for other wakes
Behavior portable serial 6	Run portable serial shard 6	2026-10-01T19:52:35.1329751Z WAKE_ACK_REQUIRED: after handling completes run bin/fm-wake-drain.sh --ack-through 13 --recovery-generation 262054.1790884353.YylmyV
Behavior portable serial 6	Run portable serial shard 6	2026-10-01T19:52:36.1306072Z ok - every readable unread status line is annotated in full while invalid status files preserve their raw wakes
Behavior portable serial 6	Run portable serial shard 6	2026-10-01T19:52:36.4253473Z WAKE_ACK_REQUIRED: after handling completes run bin/fm-wake-drain.sh --ack-through 1 --recovery-generation 264184.1790884356.zeCoWG
Behavior portable serial 6	Run portable serial shard 6	2026-10-01T19:52:40.0817197Z WAKE_ACK_REQUIRED: after handling completes run bin/fm-wake-drain.sh --ack-through 2 --recovery-generation 264184.1790884356.zeCoWG
Behavior portable serial 6	Run portable serial shard 6	2026-10-01T19:52:40.5272895Z ok - slow annotation releases the append lock and a deleted status file fails open
Behavior portable serial 6	Run portable serial shard 6	2026-10-01T19:52:42.3673215Z ok - a branch-actor scoped ack never swallows an unacked main-owned row, and main's later drain sees exactly what remains
Behavior portable serial 6	Run portable serial shard 6	2026-10-01T19:52:44.1181951Z ok - main drain and acknowledgement exclude an active branch grant
Behavior portable serial 6	Run portable serial shard 6	2026-10-01T19:52:45.0634011Z ok - a branch-actor acknowledgement commits secondmate stall receipts for exactly its granted rows
Behavior portable serial 6	Run portable serial shard 6	2026-10-01T19:52:47.1244409Z ok - a branch-held row raises no queued-wake warning for main, and the same row is presented and acknowledged once the grant clears
Behavior portable serial 6	Run portable serial shard 6	2026-10-01T19:52:47.8275337Z ok - a queue that cannot be counted keeps the queued-wake alarm up
Behavior portable serial 6	Run portable serial shard 6	2026-10-01T19:52:50.0091703Z ok - structurally unusable rows are retired by main alone, leaving every remaining row presentable and acknowledgeable
Behavior portable serial 6	Run portable serial shard 6	2026-10-01T19:52:50.8696766Z ok - branch grant cannot take a row already claimed by main
Behavior portable serial 6	Run portable serial shard 6	2026-10-01T19:52:52.7066487Z ok - main's acknowledgement leaves a row that arrived after its drain for whichever actor takes it next
Behavior portable serial 6	Run portable serial shard 6	2026-10-01T19:52:54.5344696Z ok - actor ownership filtering precedes same-key deduplication
Behavior portable serial 6	Run portable serial shard 6	2026-10-01T19:52:55.5774218Z ok - main reclaims rows granted to an exited branch owner
Behavior portable serial 6	Run portable serial shard 6	2026-10-01T19:52:55.7035674Z ok - a branch-actor drain with no eligible-row snapshot refuses loudly instead of draining nothing
Behavior portable serial 6	Run portable serial shard 6	2026-10-01T19:52:56.0871139Z WAKE_ACK_REQUIRED: after handling completes run bin/fm-wake-drain.sh --ack-through 1 --recovery-generation existing
Behavior portable serial 6	Run portable serial shard 6	2026-10-01T19:52:56.5057505Z ok - wake append publishes atomic recovery evidence before durable rows
Behavior portable serial 6	Run portable serial shard 6	2026-10-01T19:52:56.7138619Z ok - recovery mint and delivery log avoid sibling $()
Behavior portable serial 6	Run portable serial shard 6	2026-10-01T19:52:58.7661207Z ok - wake drain: generation-less legacy wakes are adopted and acknowledged
Behavior portable serial 6	Run portable serial shard 6	2026-10-01T19:53:00.9472663Z ok - wake drain: a stale acknowledgement cannot retire or consume a newer recovery episode
Behavior portable serial 6	Run portable serial shard 6	2026-10-01T19:53:02.9761395Z ok - wake drain: an acknowledgement that consumes nothing says so and names the exact command for the current wake
Behavior portable serial 6	Run portable serial shard 6	2026-10-01T19:53:04.8761361Z ok - wake drain: a branch acknowledgement that consumes nothing names the exact command for its granted wake
Behavior portable serial 6	Run portable serial shard 6	2026-10-01T19:53:05.7680320Z ok - wake drain: recovery acknowledgement failures are explicit and retryable
Behavior portable serial 6	Run portable serial shard 6	2026-10-01T19:53:13.3694847Z ok - interruptions preserve durable rows until post-handling acknowledgement
Behavior portable serial 6	Run portable serial shard 6	2026-10-01T19:53:14.0163723Z ok - fm_wake_queue_prune_task: prunes wakes for target task without touching other tasks
Behavior portable serial 6	Run portable serial shard 6	2026-10-01T19:53:14.5407550Z ok - drain rotates scratch files an interrupted drain left under the queue lock
Behavior portable serial 6	Run portable serial shard 6	2026-10-01T19:53:22.3849310Z ok - watch liveness: a dead secondmate is relaunched once, ledgered, and quiet afterwards
Behavior portable serial 6	Run portable serial shard 6	2026-10-01T19:53:25.0540110Z ok - watch liveness: a missing secondmate endpoint is relaunched without a pre-kill
Behavior portable serial 6	Run portable serial shard 6	2026-10-01T19:53:29.9602843Z ok - watch liveness: one tick relaunches every dead mate, queues a row each, and wakes once
Behavior portable serial 6	Run portable serial shard 6	2026-10-01T19:53:39.1600608Z ok - watch liveness: alive and ambiguous endpoints are probed, logged, and never touched
Behavior portable serial 6	Run portable serial shard 6	2026-10-01T19:53:46.9195606Z ok - watch liveness: the cadence marker gates probing and survives across legs
Behavior portable serial 6	Run portable serial shard 6	2026-10-01T19:54:01.1428127Z ok - watch liveness: the attempt bound parks a flapping mate once and a live probe rearms a full budget
Behavior portable serial 6	Run portable serial shard 6	2026-10-01T19:54:02.5993292Z ok - watch liveness: a failed auto-relaunch wakes once with its cause and is ledgered
Behavior portable serial 6	Run portable serial shard 6	2026-10-01T19:54:03.9652357Z ok - watch liveness: an unwritable or unreadable relaunch ledger refuses to kill or spawn
Behavior portable serial 6	Run portable serial shard 6	2026-10-01T19:54:06.7661107Z ok - watch liveness: a per-mate error keeps scanning, recovers later mates, and still wakes
Behavior portable serial 6	Run portable serial shard 6	2026-10-01T19:54:09.3222811Z ok - watch liveness: an outcome that could not be queued surfaces as an error, not a wake
Behavior portable serial 6	Run portable serial shard 6	2026-10-01T19:54:13.5057153Z ok - watch liveness: a mate mid-episode under the shared liveness lock is skipped entirely
Behavior portable serial 6	Run portable serial shard 6	2026-10-01T19:54:17.6481878Z ok - watch liveness: an unreachable remote secondmate is probed, preserved, and never failed over
Behavior portable serial 6	Run portable serial shard 6	2026-10-01T19:54:17.8143436Z FM_TEST_END 2026-10-01T19:54:17Z tests/fm-wake-queue.test.sh exit=0 duration_ms=184709 gate_skip=false
Behavior portable serial 6	Run portable serial shard 6	2026-10-01T19:54:17.8379077Z FM_TEST_BEGIN 2026-10-01T19:54:17Z tests/fm-remote-backlog-handoff.test.sh family=secondmate expected_gate_skip=none
Behavior portable serial 6	Run portable serial shard 6	2026-10-01T19:54:18.1854073Z ok - confined put rejects incomplete and superseded payload generations
Behavior portable serial 6	Run portable serial shard 6	2026-10-01T19:54:18.3113066Z ok - confined put rejects directory replacement without external writes
Behavior portable serial 6	Run portable serial shard 6	2026-10-01T19:54:21.6177136Z ok - ambiguous receipt leaves one durable outbox and no duplicate dispatchable source
Behavior portable serial 6	Run portable serial shard 6	2026-10-01T19:54:26.1394336Z ok - re-delivery after unknown completion converges without duplication
Behavior portable serial 6	Run portable serial shard 6	2026-10-01T19:54:32.4316271Z ok - dropped transfer recovery overwrites scratch and delivers exactly once
Behavior portable serial 6	Run portable serial shard 6	2026-10-01T19:54:42.4369568Z ok - concurrent handoffs serialize staging through confirmed cleanup
Behavior portable serial 6	Run portable serial shard 6	2026-10-01T19:54:49.8766534Z ok - receiver removes one proven dead stale lock and retries once
Behavior portable serial 6	Run portable serial shard 6	2026-10-01T19:54:55.3462797Z ok - bootstrap detects pending outbox handoffs without a journal
Behavior portable serial 6	Run portable serial shard 6	2026-10-01T19:55:00.8400959Z ok - remote handoff releases durable work and separately retries its receiver wake
Behavior portable serial 6	Run portable serial shard 6	2026-10-01T19:55:13.7279503Z ok - an escalated undelivered receiver wake stays retryable instead of jamming the outbox
Behavior portable serial 6	Run portable serial shard 6	2026-10-01T19:55:24.4510571Z ok - a permanently unconfirmable wake never jams later durable handoffs
Behavior portable serial 6	Run portable serial shard 6	2026-10-01T19:55:36.9709578Z ok - fresh remote work gets a new wake after confirmed cleanup recovery
Behavior portable serial 6	Run portable serial shard 6	2026-10-01T19:55:41.9590316Z ok - confirmed marker cleanup cannot fail a completed remote handoff
Behavior portable serial 6	Run portable serial shard 6	2026-10-01T19:55:51.8157669Z ok - delivered pending state cannot suppress a new handoff wake
Behavior portable serial 6	Run portable serial shard 6	2026-10-01T19:56:00.6878104Z ok - unrecordable best-effort wake state drops without blocking later handoffs
Behavior portable serial 6	Run portable serial shard 6	2026-10-01T19:56:04.7621284Z ok - undeletable invalid wake state cannot block remote handoffs
Behavior portable serial 6	Run portable serial shard 6	2026-10-01T19:56:05.1864713Z ok - route classification serializes with retirement before staging
Behavior portable serial 6	Run portable serial shard 6	2026-10-01T19:56:05.4839165Z ok - unconfigured bootstrap has no remote handoff behavior
Behavior portable serial 6	Run portable serial shard 6	2026-10-01T19:56:05.4840623Z ALL TESTS PASSED
Behavior portable serial 6	Run portable serial shard 6	2026-10-01T19:56:06.1174930Z FM_TEST_END 2026-10-01T19:56:06Z tests/fm-remote-backlog-handoff.test.sh exit=0 duration_ms=108272 gate_skip=false
Behavior portable serial 6	Run portable serial shard 6	2026-10-01T19:56:06.1408085Z FM_TEST_BEGIN 2026-10-01T19:56:06Z tests/fm-watcher-lock.test.sh family=watcher-wake-lock expected_gate_skip=none
Behavior portable serial 6	Run portable serial shard 6	2026-10-01T19:56:06.1920982Z ok - disposable watcher refuses inherited state outside its marked lab
Behavior portable serial 6	Run portable serial shard 6	2026-10-01T19:56:08.7444097Z ok - wait deadline diagnoses and reaps a stopped test child without hanging
Behavior portable serial 6	Run portable serial shard 6	2026-10-01T19:56:09.0080550Z ok - simultaneous watcher starts leave exactly one live process
Behavior portable serial 6	Run portable serial shard 6	2026-10-01T19:56:09.1129030Z ok - fm_pid_identity real ps fallback is locale-invariant
Behavior portable serial 6	Run portable serial shard 6	2026-10-01T19:56:09.1129919Z ok - fm_pid_identity is locale-invariant across LC_ALL/LC_TIME
Behavior portable serial 6	Run portable serial shard 6	2026-10-01T19:56:09.1659171Z ok - fm_pid_identity ps fallback is terminal-width-invariant
Behavior portable serial 6	Run portable serial shard 6	2026-10-01T19:56:09.2064542Z ok - /proc process identity ignores simulated btime changes
Behavior portable serial 6	Run portable serial shard 6	2026-10-01T19:56:09.2226593Z ok - /proc process identity detects pid reuse
Behavior portable serial 6	Run portable serial shard 6	2026-10-01T19:56:09.2241516Z ok - MSYS /proc process identity regression skipped on non-Windows host
Behavior portable serial 6	Run portable serial shard 6	2026-10-01T19:56:09.5908620Z ok - killed watcher stale lock is reclaimed
Behavior portable serial 6	Run portable serial shard 6	2026-10-01T19:56:09.7057241Z tests/fm-watcher-lock.test.sh: line 1655: 377339 Killed                  FM_STATE_OVERRIDE="$state" bash -c '
Behavior portable serial 6	Run portable serial shard 6	2026-10-01T19:56:09.7058331Z     . "$1"
Behavior portable serial 6	Run portable serial shard 6	2026-10-01T19:56:09.7058707Z     fm_lock_remove_path() {
Behavior portable serial 6	Run portable serial shard 6	2026-10-01T19:56:09.7059132Z       if [ "$1" = "$STATE/.watch.lock" ]; then
Behavior portable serial 6	Run portable serial shard 6	2026-10-01T19:56:09.7059666Z         kill -KILL "${BASHPID:-$$}"
Behavior portable serial 6	Run portable serial shard 6	2026-10-01T19:56:09.7060079Z       fi
Behavior portable serial 6	Run portable serial shard 6	2026-10-01T19:56:09.7060364Z       return 1
Behavior portable serial 6	Run portable serial shard 6	2026-10-01T19:56:09.7060659Z     }
Behavior portable serial 6	Run portable serial shard 6	2026-10-01T19:56:09.7060984Z     fm_lock_try_acquire "$2"
Behavior portable serial 6	Run portable serial shard 6	2026-10-01T19:56:09.7061394Z   ' _ "$LIB" "$lockdir" > /dev/null 2>&1
Behavior portable serial 6	Run portable serial shard 6	2026-10-01T19:56:09.8836997Z ok - stale watcher reclaim publishes durable recovery evidence before clear
Behavior portable serial 6	Run portable serial shard 6	2026-10-01T19:56:10.0937088Z ok - live watcher lock with stale heartbeat is actionable
Behavior portable serial 6	Run portable serial shard 6	2026-10-01T19:56:10.8453658Z ok - live watcher lock with a beacon past the hard bound is replaced, under it is still refused
Behavior portable serial 6	Run portable serial shard 6	2026-10-01T19:56:11.6890593Z ok - guard banner leads when down with pending wakes (repair-after-drain) and stays silent when live and fresh
Behavior portable serial 6	Run portable serial shard 6	2026-10-01T19:56:13.0145558Z ok - concurrent fm_lock_try_acquire yields exactly one winner
Behavior portable serial 6	Run portable serial shard 6	2026-10-01T19:56:13.1293908Z ok - dead-pid stale lock is reclaimed by a single acquirer
Behavior portable serial 6	Run portable serial shard 6	2026-10-01T19:56:14.9263547Z ok - concurrent stale-lock steal yields exactly one winner
Behavior portable serial 6	Run portable serial shard 6	2026-10-01T19:56:15.1103508Z ok - dead steal owner is reclaimed once without a nested steal marker
Behavior portable serial 6	Run portable serial shard 6	2026-10-01T19:56:15.3270585Z ok - dead nested steal chain from an interrupted reclaim is recovered
Behavior portable serial 6	Run portable serial shard 6	2026-10-01T19:56:15.4739670Z ok - a competing reaper cannot remove the successor's steal mutex
Behavior portable serial 6	Run portable serial shard 6	2026-10-01T19:56:15.6369130Z ok - a steal mutex abandoned by this process does not block its own reclaim
Behavior portable serial 6	Run portable serial shard 6	2026-10-01T19:56:15.8110274Z ok - a steal reap interrupted in this process is resumed from its own tombstone
Behavior portable serial 6	Run portable serial shard 6	2026-10-01T19:56:17.8800666Z ok - live steal mutex is not reclaimed
Behavior portable serial 6	Run portable serial shard 6	2026-10-01T19:56:17.9298614Z ok - live-held lock is not stolen
Behavior portable serial 6	Run portable serial shard 6	2026-10-01T19:56:17.9623586Z ok - empty mid-acquire lock keeps a minimum grace
Behavior portable serial 6	Run portable serial shard 6	2026-10-01T19:56:18.0874651Z ok - late original claimant cannot claim a recreated lock
Behavior portable serial 6	Run portable serial shard 6	2026-10-01T19:56:18.1531132Z ok - paused mid-acquire claimant backs off to active stealer
Behavior portable serial 6	Run portable serial shard 6	2026-10-01T19:56:18.2956923Z ok - watch restart preserves foreign and missing namespace locks despite a live local PID collision
Behavior portable serial 6	Run portable serial shard 6	2026-10-01T19:56:18.8369655Z ok - shared stale clear refuses matching, missing, unreadable and malformed owner proof
Behavior portable serial 6	Run portable serial shard 6	2026-10-01T19:56:19.1888541Z ok - shared stale clear publishes under the steal mutex before removing a proven dead owner
Behavior portable serial 6	Run portable serial shard 6	2026-10-01T19:56:19.9962841Z ok - watch restart preserves recovery without signaling a reused pid
Behavior portable serial 6	Run portable serial shard 6	2026-10-01T19:56:27.2630662Z ok - watch restart attaches to a verified healthy peer and later surfaces a successor gap
Behavior portable serial 6	Run portable serial shard 6	2026-10-01T19:56:28.1528296Z ok - watcher self-evicts when the lock pid no longer names it
Behavior portable serial 6	Run portable serial shard 6	2026-10-01T19:56:40.2208338Z ok - arm turns clean self-eviction without a successor into a typed failure
Behavior portable serial 6	Run portable serial shard 6	2026-10-01T19:56:42.3083157Z ok - arm attaches to a live fresh watcher and fails loudly when that cycle has no successor
Behavior portable serial 6	Run portable serial shard 6	2026-10-01T19:56:43.1874667Z ok - attached arm signals record a classified lifecycle entry
Behavior portable serial 6	Run portable serial shard 6	2026-10-01T19:56:44.6195343Z ok - arm starts cleanly and resurfaces recovery after a dead-pid lock
Behavior portable serial 6	Run portable serial shard 6	2026-10-01T19:56:45.3761502Z ok - arm cleans child watcher and temp output on HUP
Behavior portable serial 6	Run portable serial shard 6	2026-10-01T19:56:46.3787721Z ok - arm defers TERM until startup watcher can run its lock cleanup
Behavior portable serial 6	Run portable serial shard 6	2026-10-01T19:56:49.1253747Z ok - arm TERM stops a startup watcher that never becomes cleanup-ready
Behavior portable serial 6	Run portable serial shard 6	2026-10-01T19:56:50.6344311Z WAKE_ACK_REQUIRED: after handling completes run bin/fm-wake-drain.sh --ack-through 1 --recovery-generation 394829.1790884610.XCBAOk
Behavior portable serial 6	Run portable serial shard 6	2026-10-01T19:56:51.2747259Z ●━━━━━━━━━━━━━━━━━━━━━━━━━━━━━━━━━━━━━━━━━━━━━━━━━━━━━━━━━━━━━━━━━━━━━━━
Behavior portable serial 6	Run portable serial shard 6	2026-10-01T19:56:51.2747923Z ●  WATCHER DOWN - SUPERVISION IS OFF
Behavior portable serial 6	Run portable serial shard 6	2026-10-01T19:56:51.2753401Z ●  1 registered custom check(s), but no live watcher process holds this home lock (last beat: 1s ago).
Behavior portable serial 6	Run portable serial shard 6	2026-10-01T19:56:51.2754789Z ●  Trust the emitted supervision protocol for this harness; do not use shell & for watcher repair.
Behavior portable serial 6	Run portable serial shard 6	2026-10-01T19:56:51.2755841Z ●  This is a supervision warning only; the guarded operation WILL still run.
Behavior portable serial 6	Run portable serial shard 6	2026-10-01T19:56:51.2757669Z ●  After draining queued wakes, repair missing watcher supervision according to the session-start block for this harness; do not use shell &.
Behavior portable serial 6	Run portable serial shard 6	2026-10-01T19:56:51.2758806Z ●━━━━━━━━━━━━━━━━━━━━━━━━━━━━━━━━━━━━━━━━━━━━━━━━━━━━━━━━━━━━━━━━━━━━━━━
Behavior portable serial 6	Run portable serial shard 6	2026-10-01T19:56:51.2759304Z WARNING: queued wakes pending - drain them with bin/fm-wake-drain.sh before anything else.
Behavior portable serial 6	Run portable serial shard 6	2026-10-01T19:56:51.2793498Z ok - arm propagates an immediate watcher wake before confirmation
Behavior portable serial 6	Run portable serial shard 6	2026-10-01T19:57:02.2625812Z ok - arm attaches to a peer watcher after child stands down and surfaces a missing successor
Behavior portable serial 6	Run portable serial shard 6	2026-10-01T19:57:02.5073031Z watcher: lock held by live pid 397374 but heartbeat is stale for 844199822s (>300s); inspect or stop that watcher before re-arming.
Behavior portable serial 6	Run portable serial shard 6	2026-10-01T19:57:02.7386641Z ok - arm reports FAILED and exits non-zero when no fresh watcher can be confirmed
Behavior portable serial 6	Run portable serial shard 6	2026-10-01T19:57:15.1506567Z ok - cycle-exit ledger links a verified successor and remains size-capped
Behavior portable serial 6	Run portable serial shard 6	2026-10-01T19:57:15.9624356Z ok - SIGSTOP distinguishes live PID from stale beacon and termination records the exit class
Behavior portable serial 6	Run portable serial shard 6	2026-10-01T19:57:16.2090246Z FM_TEST_END 2026-10-01T19:57:16Z tests/fm-watcher-lock.test.sh exit=0 duration_ms=70060 gate_skip=false
Behavior portable serial 6	Run portable serial shard 6	2026-10-01T19:57:16.2322159Z FM_TEST_BEGIN 2026-10-01T19:57:16Z tests/fm-claude-stop-autoarm.test.sh family=standalone expected_gate_skip=none
Behavior portable serial 6	Run portable serial shard 6	2026-10-01T19:57:16.3562415Z ok - auto-arm: inert in a linked child worktree even when in-flight
Behavior portable serial 6	Run portable serial shard 6	2026-10-01T19:57:16.4218911Z ok - auto-arm: inert with no session lock
Behavior portable serial 6	Run portable serial shard 6	2026-10-01T19:57:18.1022992Z ok - auto-arm: a demonstrably dead recorded session owner is reclaimed through fm-lock.sh before arming
Behavior portable serial 6	Run portable serial shard 6	2026-10-01T19:57:18.7485324Z ok - auto-arm: inert without arm, rewake, or lock replacement when another live harness owns the home
Behavior portable serial 6	Run portable serial shard 6	2026-10-01T19:57:18.9041766Z ok - auto-arm: inert while AFK owns supervision
Behavior portable serial 6	Run portable serial shard 6	2026-10-01T19:57:20.2165837Z ok - auto-arm: stale-owner recovery leaves the AFK and supervision-need gates unchanged
Behavior portable serial 6	Run portable serial shard 6	2026-10-01T19:57:20.8917281Z ok - auto-arm: resolves the outermost pid of a nested contiguous claude ancestry (bg-spare chain)
Behavior portable serial 6	Run portable serial shard 6	2026-10-01T19:57:21.0484751Z ok - auto-arm: inert with nothing in flight and no X-mode need
Behavior portable serial 6	Run portable serial shard 6	2026-10-01T19:57:21.6624636Z ok - auto-arm: actionable close translates to exactly one exit-2 rewake with reason
Behavior portable serial 6	Run portable serial shard 6	2026-10-01T19:57:22.6387262Z ok - auto-arm: actionable close survives a healthy successor without duplicate delivery
Behavior portable serial 6	Run portable serial shard 6	2026-10-01T19:57:23.3089150Z ok - auto-arm: an attached cycle's end starts a handling successor named after the closed arm before the rewake
Behavior portable serial 6	Run portable serial shard 6	2026-10-01T19:57:23.7090549Z ok - auto-arm: an unconfirmed handling successor is reported in the rewake instead of blocking it
Behavior portable serial 6	Run portable serial shard 6	2026-10-01T19:57:23.9885678Z ok - auto-arm: bounded failure verification emits one automatic-mechanism alarm
Behavior portable serial 6	Run portable serial shard 6	2026-10-01T19:57:24.5131883Z ok - auto-arm: consecutive failures keep Stop-owned retry without repeating notice
Behavior portable serial 6	Run portable serial shard 6	2026-10-01T19:57:25.3446195Z ok - auto-arm: marker-write refusal defers delivery until one successor commits the notice
Behavior portable serial 6	Run portable serial shard 6	2026-10-01T19:57:25.6354676Z ok - auto-arm: unverified clean close exhausts retries and fails closed
Behavior portable serial 6	Run portable serial shard 6	2026-10-01T19:57:25.9077624Z ok - auto-arm: post-alarm actionable outcomes cannot continue or reset failure state
Behavior portable serial 6	Run portable serial shard 6	2026-10-01T19:57:26.6373689Z ok - auto-arm: benign cycle end with a live watcher and fresh beacon stays silent across the next cycle
Behavior portable serial 6	Run portable serial shard 6	2026-10-01T19:57:27.4211844Z ok - auto-arm: budget contention preserves the episode and forces a reset retry
Behavior portable serial 6	Run portable serial shard 6	2026-10-01T19:57:27.7566546Z ok - auto-arm: owner-mutex contention preserves successor episode state
Behavior portable serial 6	Run portable serial shard 6	2026-10-01T19:57:28.3590920Z ok - auto-arm: X-mode poll need arms the cycle even with no tasks in flight
Behavior portable serial 6	Run portable serial shard 6	2026-10-01T19:57:29.0484468Z ok - auto-arm: a registered custom check arms the cycle even with no tasks in flight
Behavior portable serial 6	Run portable serial shard 6	2026-10-01T19:57:31.6689357Z ok - auto-arm: concurrent firings admit one owner and one rewake translation
Behavior portable serial 6	Run portable serial shard 6	2026-10-01T19:57:31.9415538Z ok - auto-arm: TERM mid-arm commits a durable failure and exits 2 for rewake
Behavior portable serial 6	Run portable serial shard 6	2026-10-01T19:57:32.6362740Z ok - auto-arm: an abandoned owner claim is reclaimed so a lapsed cycle re-arms
Behavior portable serial 6	Run portable serial shard 6	2026-10-01T19:57:33.3911441Z ok - auto-arm: an abandoned-claim reclaim reaps a dead steal mutex without nesting
Behavior portable serial 6	Run portable serial shard 6	2026-10-01T19:57:33.5981832Z ok - auto-arm: a legacy owner still arming is never reclaimed while its watcher keeps beating
Behavior portable serial 6	Run portable serial shard 6	2026-10-01T19:57:33.8218058Z ok - auto-arm: a fresh legacy arming claim is never reclaimed while its startup window is still open
Behavior portable serial 6	Run portable serial shard 6	2026-10-01T19:57:34.0140295Z ok - auto-arm: a live claim the ledger does not name is never reclaimed
Behavior portable serial 6	Run portable serial shard 6	2026-10-01T19:57:34.7510492Z ok - auto-arm: a claim whose pid was reused is reclaimed even while its ledger entry still reads arming
Behavior portable serial 6	Run portable serial shard 6	2026-10-01T19:57:35.4591751Z ok - auto-arm: a reused-pid claim is reclaimed even with no ledger entry to prove it
Behavior portable serial 6	Run portable serial shard 6	2026-10-01T19:57:35.6842634Z ok - auto-arm: an identity-matched owner still arming is never reclaimed
Behavior portable serial 6	Run portable serial shard 6	2026-10-01T19:57:35.8766580Z ok - auto-arm: the guard's terminal-check claim is never reclaimed
Behavior portable serial 6	Run portable serial shard 6	2026-10-01T19:57:36.6727775Z ok - auto-arm: a stuck live legacy owner is retired via TERM and its lock reclaimed
Behavior portable serial 6	Run portable serial shard 6	2026-10-01T19:57:38.3114704Z ok - auto-arm: a SIGSTOPped legacy owner is reclaimed with TERM pending and dies on continue
Behavior portable serial 6	Run portable serial shard 6	2026-10-01T19:57:38.5125303Z ok - auto-arm: a live open generation claim defers concurrent firings with no lock held
Behavior portable serial 6	Run portable serial shard 6	2026-10-01T19:57:39.1740098Z ok - auto-arm: a hung generation owner with no watcher beat is superseded so re-arming self-heals
Behavior portable serial 6	Run portable serial shard 6	2026-10-01T19:57:39.7993826Z ok - auto-arm: an identityless arming ledger never defers the gate (reused-pid loophole closed)
Behavior portable serial 6	Run portable serial shard 6	2026-10-01T19:57:40.0265178Z ok - auto-arm: a superseded owner never re-invokes the arm and leaves its successor's claim untouched
Behavior portable serial 6	Run portable serial shard 6	2026-10-01T19:57:47.0416468Z ok - auto-arm: a superseded owner goes silent - one supersession episode, one translation, no held mutex
Behavior portable serial 6	Run portable serial shard 6	2026-10-01T19:57:47.3029125Z ok - auto-arm: need vanishing mid-cycle closes without a rewake
Behavior portable serial 6	Run portable serial shard 6	2026-10-01T19:57:47.5604669Z ok - auto-arm: mid-cycle AFK hands triage to the daemon with no rewake
Behavior portable serial 6	Run portable serial shard 6	2026-10-01T19:57:48.1708433Z ok - auto-arm: active in a marked secondmate home
Behavior portable serial 6	Run portable serial shard 6	2026-10-01T19:57:48.4537874Z ok - auto-arm: a long FM_POLL with FM_GUARD_GRACE unset reaches fm-watch-arm.sh with the derived grace
Behavior portable serial 6	Run portable serial shard 6	2026-10-01T19:57:49.0674115Z ok - auto-arm: config/supervision-host-off keeps the hook on the arm exactly as before
Behavior portable serial 6	Run portable serial shard 6	2026-10-01T19:57:49.4636229Z ok - auto-arm: a Claude home without config/supervision-host runs the host by default
Behavior portable serial 6	Run portable serial shard 6	2026-10-01T19:57:49.8771695Z ok - auto-arm: an opted-in home runs the host bound to its generation, and a host line rewakes like a wake
Behavior portable serial 6	Run portable serial shard 6	2026-10-01T19:57:50.2906196Z ok - auto-arm: a wake the host hands back under the away record says it is automatic supervision, not a return
Behavior portable serial 6	Run portable serial shard 6	2026-10-01T19:57:50.8243980Z ok - auto-arm: a wake the host hands back beside a quiet record carries no away note
Behavior portable serial 6	Run portable serial shard 6	2026-10-01T19:57:51.4323591Z ok - auto-arm: without the host the rewake banner is unchanged, eight wake lines at most
Behavior portable serial 6	Run portable serial shard 6	2026-10-01T19:57:51.8369587Z ok - auto-arm: a host handback delivers every host line, while its wake lines keep their cap
Behavior portable serial 6	Run portable serial shard 6	2026-10-01T19:57:52.1002961Z ok - auto-arm: a host that stood down closes silently without a retry
Behavior portable serial 6	Run portable serial shard 6	2026-10-01T19:57:52.3870104Z ok - auto-arm: a host that died without a close is retried, then reported as a failure
Behavior portable serial 6	Run portable serial shard 6	2026-10-01T19:57:52.8383867Z ok - auto-arm: --help, -h, and an unknown argument arm nothing; the Stop path still arms
Behavior portable serial 6	Run portable serial shard 6	2026-10-01T19:57:52.8459678Z ok - fm-lock: shared session-lock lib preserves the status path
Behavior portable serial 6	Run portable serial shard 6	2026-10-01T19:57:54.1201565Z ok - auto-arm: stands down only on a pi-code-delivered transcript_path (/.pi/)
Behavior portable serial 6	Run portable serial shard 6	2026-10-01T19:58:18.1653084Z FM_TEST_END 2026-10-01T19:58:18Z tests/fm-claude-stop-autoarm.test.sh exit=0 duration_ms=61925 gate_skip=false
Behavior portable serial 6	Run portable serial shard 6	2026-10-01T19:58:18.1884324Z FM_TEST_BEGIN 2026-10-01T19:58:18Z tests/fm-calm-pi-extension.test.sh family=pure-contract-unit expected_gate_skip=none
Behavior portable serial 6	Run portable serial shard 6	2026-10-01T19:58:19.1823286Z ok - Pi calm resolves its persistent home independently of Pi's launch directory
Behavior portable serial 6	Run portable serial shard 6	2026-10-01T19:58:19.1832457Z ok - Pi calm compatibility evidence never rejects a Pi version for being newer than 0.82.0, and still fails closed on a missing or malformed version
Behavior portable serial 6	Run portable serial shard 6	2026-10-01T19:58:20.0168724Z ok - a missing collapsed-thinking presentation API degrades only that Calm adapter with a clear skip reason, while the rest of Calm still registers
Behavior portable serial 6	Run portable serial shard 6	2026-10-01T19:58:20.1227444Z ok - missing Pi presentation class exports reach the independent adapter degradation path
Behavior portable serial 6	Run portable serial shard 6	2026-10-01T19:58:21.3321680Z ok - Calm hides queued Firstmate rows only on a session that can keep them, keeps hidden ones out of the editor on Escape, delivers them once in order, and leaves unsupported sessions and Calm off stock
Behavior portable serial 6	Run portable serial shard 6	2026-10-01T19:58:22.1953280Z ok - Calm registers none of its 7 built-in tool wrappers at load while config/calm is off, and all 7 synchronously at load while config/calm is on
Behavior portable serial 6	Run portable serial shard 6	2026-10-01T19:58:23.0656817Z ok - Calm's first same-session /calm activation claims every uncontested built-in, leaves a foreign bash tool fully intact and callable, warns prominently and logs the contested name, and only rows constructed before that activation - the documented bound - fail to retroactively collapse
Behavior portable serial 6	Run portable serial shard 6	2026-10-01T19:58:24.0878663Z ok - Pi calm centralizes transcript visibility, preserves execution/export data, keeps Pi's stock working row visible while no run is active, and persists its choice across session starts
Behavior portable serial 6	Run portable serial shard 6	2026-10-01T19:58:25.0067057Z ok - Pi calm on collapses mid-turn assistant working notes to zero height while Calm off keeps them, leaves streaming, truncated-final, and genuine final replies untouched, never mutates the messages, ignores every /calm argument, and restores a legacy persisted max as ordinary Calm on
Behavior portable serial 6	Run portable serial shard 6	2026-10-01T19:58:33.7913599Z ok - Pi operational follow-up E2E processes exact user-role notifications once while Calm hides current and adjacent rows, Calm off and absent render them, and restart preserves semantics
Behavior portable serial 6	Run portable serial shard 6	2026-10-01T19:58:38.4220008Z ok - Pi 1.0.0 with Calm on hides and retains queued Firstmate input through Escape, delivers it once, and leaves Calm off stock
Behavior portable serial 6	Run portable serial shard 6	2026-10-01T19:58:40.7871524Z ok - Pi Calm native /skill:ahoy geometry keeps every collapsed thinking and tool block at zero height while preserving expansion, history, restart, and Calm-off rendering
Behavior portable serial 6	Run portable serial shard 6	2026-10-01T19:58:50.1847526Z ok - Pi Calm working ship keeps its centered two-row asymmetric Unicode boat inside a deterministic long-wave trough, paints all water standard blue and the whole boat standard yellow with balanced resets, keeps ANSI-stripped width exact, reverses cleanly at both edges and every width, clamps visible and hidden resizes, falls back deterministically when narrow, freezes and resumes across settle/start without hidden-time jumps or duplicate timers, resets only on a fresh session, and leaves Calm-off visibility untouched
Behavior portable serial 6	Run portable serial shard 6	2026-10-01T19:58:51.8642115Z ok - the rendered-export-DOM guard renders in one pass, retries a bounded number of Chrome start-up failures, and reports the Chrome binary, Chrome version, Pi version, exit status, and Chrome diagnostic when every attempt fails
Behavior portable serial 6	Run portable serial shard 6	2026-10-01T19:58:53.2259112Z not ok - calm mode was not off by default (missing: 'CALM_E2E_OUTPUT')
Behavior portable serial 6	Run portable serial shard 6	2026-10-01T19:58:53.2259995Z --- output ---
Behavior portable serial 6	Run portable serial shard 6	2026-10-01T19:58:53.2260330Z 
Behavior portable serial 6	Run portable serial shard 6	2026-10-01T19:58:53.2260542Z  CALM_EXPORT_FIND.txt
Behavior portable serial 6	Run portable serial shard 6	2026-10-01T19:58:53.2260849Z 
Behavior portable serial 6	Run portable serial shard 6	2026-10-01T19:58:53.2260856Z 
Behavior portable serial 6	Run portable serial shard 6	2026-10-01T19:58:53.2261078Z  Thinking...
Behavior portable serial 6	Run portable serial shard 6	2026-10-01T19:58:53.2261274Z 
Behavior portable serial 6	Run portable serial shard 6	2026-10-01T19:58:53.2261282Z 
Behavior portable serial 6	Run portable serial shard 6	2026-10-01T19:58:53.2261414Z  fm_watch_arm_pi
Behavior portable serial 6	Run portable serial shard 6	2026-10-01T19:58:53.2261813Z  watcher: started Pi extension arm child 1
Behavior portable serial 6	Run portable serial shard 6	2026-10-01T19:58:53.2262155Z 
Behavior portable serial 6	Run portable serial shard 6	2026-10-01T19:58:53.2262163Z 
Behavior portable serial 6	Run portable serial shard 6	2026-10-01T19:58:53.2262168Z 
Behavior portable serial 6	Run portable serial shard 6	2026-10-01T19:58:53.2262403Z  FIRSTMATE WATCHER WAKE: signal: /tmp/probe.status
Behavior portable serial 6	Run portable serial shard 6	2026-10-01T19:58:53.2262781Z 
Behavior portable serial 6	Run portable serial shard 6	2026-10-01T19:58:53.2263262Z  Run bin/fm-wake-drain.sh first and handle the queued wake. Watcher continuity is extension-owned.
Behavior portable serial 6	Run portable serial shard 6	2026-10-01T19:58:53.2263933Z 
Behavior portable serial 6	Run portable serial shard 6	2026-10-01T19:58:53.2263944Z 
Behavior portable serial 6	Run portable serial shard 6	2026-10-01T19:58:53.2263949Z 
Behavior portable serial 6	Run portable serial shard 6	2026-10-01T19:58:53.2264218Z  FIRSTMATE WATCHER WAKE: can you explain this phrase?
Behavior portable serial 6	Run portable serial shard 6	2026-10-01T19:58:53.2264630Z 
Behavior portable serial 6	Run portable serial shard 6	2026-10-01T19:58:53.2264638Z 
Behavior portable serial 6	Run portable serial shard 6	2026-10-01T19:58:53.2264643Z 
Behavior portable serial 6	Run portable serial shard 6	2026-10-01T19:58:53.2265248Z  Captain quote: ⁣FIRSTMATE_OP: v1 watcher: QUOTED_CURRENT_NEAR_MISS
Behavior portable serial 6	Run portable serial shard 6	2026-10-01T19:58:53.2266843Z 
Behavior portable serial 6	Run portable serial shard 6	2026-10-01T19:58:53.2266859Z 
Behavior portable serial 6	Run portable serial shard 6	2026-10-01T19:58:53.2266863Z 
Behavior portable serial 6	Run portable serial shard 6	2026-10-01T19:58:53.2267069Z  FIRSTMATE_OP: v1 watcher: ASCII_ONLY_NEAR_MISS
Behavior portable serial 6	Run portable serial shard 6	2026-10-01T19:58:53.2267426Z 
Behavior portable serial 6	Run portable serial shard 6	2026-10-01T19:58:53.2267433Z 
Behavior portable serial 6	Run portable serial shard 6	2026-10-01T19:58:53.2267437Z 
Behavior portable serial 6	Run portable serial shard 6	2026-10-01T19:58:53.2267958Z  Ordinary captain text before ⁣FIRSTMATE_OP: v1 watcher: EMBEDDED_CURRENT_NEAR_MISS
Behavior portable serial 6	Run portable serial shard 6	2026-10-01T19:58:53.2268521Z 
Behavior portable serial 6	Run portable serial shard 6	2026-10-01T19:58:53.2268530Z 
Behavior portable serial 6	Run portable serial shard 6	2026-10-01T19:58:53.2268535Z 
Behavior portable serial 6	Run portable serial shard 6	2026-10-01T19:58:53.2268852Z  ⁣ordinary captain text after unrelated separator
Behavior portable serial 6	Run portable serial shard 6	2026-10-01T19:58:53.2269241Z 
Behavior portable serial 6	Run portable serial shard 6	2026-10-01T19:58:53.2269247Z 
Behavior portable serial 6	Run portable serial shard 6	2026-10-01T19:58:53.2269437Z  The deterministic tool example is complete.
Behavior portable serial 6	Run portable serial shard 6	2026-10-01T19:58:53.2269786Z 
Behavior portable serial 6	Run portable serial shard 6	2026-10-01T19:58:53.2270748Z ────────────────────────────────────────────────────────────────────────────────────────────────────────────────────────────────────────────────────────────────────────────────────
Behavior portable serial 6	Run portable serial shard 6	2026-10-01T19:58:53.2271530Z 
Behavior portable serial 6	Run portable serial shard 6	2026-10-01T19:58:53.2272501Z ────────────────────────────────────────────────────────────────────────────────────────────────────────────────────────────────────────────────────────────────────────────────────
Behavior portable serial 6	Run portable serial shard 6	2026-10-01T19:58:53.2273522Z /tmp/fm-calm-pi-extension.xCYqXD/e2e-project (main)
Behavior portable serial 6	Run portable serial shard 6	2026-10-01T19:58:53.2274590Z ↑7 ↓4 0.1%/4.1k (auto)                                                                                                                                                       delayed
Behavior portable serial 6	Run portable serial shard 6	2026-10-01T19:58:53.2831148Z FM_TEST_END 2026-10-01T19:58:53Z tests/fm-calm-pi-extension.test.sh exit=1 duration_ms=35089 gate_skip=false
Behavior portable serial 6	Run portable serial shard 6	2026-10-01T19:58:53.3063631Z FM_TEST_BEGIN 2026-10-01T19:58:53Z tests/fm-send-resolve-key.test.sh family=backend-dispatch expected_gate_skip=none
Behavior portable serial 6	Run portable serial shard 6	2026-10-01T19:58:56.0432700Z ok - fm-send --resolve-key: the answer send itself closes the open decision
Behavior portable serial 6	Run portable serial shard 6	2026-10-01T19:58:57.2993542Z ok - fm-send --resolve-key: the close never re-wakes its own home, later lines still do
Behavior portable serial 6	Run portable serial shard 6	2026-10-01T19:58:59.5875711Z ok - fm-send --resolve-key: separate answers do not each re-wake; later lines still do
Behavior portable serial 6	Run portable serial shard 6	2026-10-01T19:59:02.3253375Z ok - fm-send --resolve-key: a colon-first stated key is open under that key and answerable
Behavior portable serial 6	Run portable serial shard 6	2026-10-01T19:59:04.1756219Z ok - fm-send --resolve-key: an answer that starts a workstream leaves no orphaned decision
Behavior portable serial 6	Run portable serial shard 6	2026-10-01T19:59:06.4228999Z ok - fm-send preserves decisions through routine work and refuses superseded terminal decisions
Behavior portable serial 6	Run portable serial shard 6	2026-10-01T19:59:07.9481227Z ok - fm-send --resolve-key: a key that is not open refuses loudly before anything is sent
Behavior portable serial 6	Run portable serial shard 6	2026-10-01T19:59:09.7545339Z ok - fm-send --resolve-key: the close happens at enqueue, surviving a failed doorbell
Behavior portable serial 6	Run portable serial shard 6	2026-10-01T19:59:11.2765787Z ok - fm-send --resolve-key: a failed enqueue never closes the decision
Behavior portable serial 6	Run portable serial shard 6	2026-10-01T19:59:13.1716191Z ok - fm-send --resolve-key: one answer closes each named key and only those
Behavior portable serial 6	Run portable serial shard 6	2026-10-01T19:59:15.9837797Z ok - fm-send --resolve-key: one answer's closes after a drain fold never wake this home
Behavior portable serial 6	Run portable serial shard 6	2026-10-01T19:59:17.8566799Z ok - fm-send --resolve-key: a marked local-secondmate answer closes with the plain answer text
Behavior portable serial 6	Run portable serial shard 6	2026-10-01T19:59:19.7037349Z ok - fm-send --resolve-key: a remote-secondmate answer closes the same local ledger, transport-only difference
Behavior portable serial 6	Run portable serial shard 6	2026-10-01T19:59:22.4482238Z ok - fm-send --resolve-key: a remote reply's leading [corr=...] tag no longer blocks closing its stated key
Behavior portable serial 6	Run portable serial shard 6	2026-10-01T19:59:24.0779715Z ok - fm-send --resolve-key: a failed remote transport never closes the decision
Behavior portable serial 6	Run portable serial shard 6	2026-10-01T19:59:26.5033781Z ok - fm-send --resolve-key: --key, empty message, explicit targets, and malformed keys refuse loudly
Behavior portable serial 6	Run portable serial shard 6	2026-10-01T19:59:29.2688533Z ok - fm-send --resolve-key: a reserved pending-reply key actually closes through the operator path
Behavior portable serial 6	Run portable serial shard 6	2026-10-01T19:59:31.9842637Z ok - fm-send --resolve-key: an unrelated writer cannot close or hijack a reserved key, and the operator close still can
Behavior portable serial 6	Run portable serial shard 6	2026-10-01T19:59:33.4939133Z ok - fm-send --resolve-key: a reserved key this send cannot close refuses loudly before anything is sent
Behavior portable serial 6	Run portable serial shard 6	2026-10-01T19:59:34.9990935Z ok - fm-send --resolve-key: an overlong decision key refuses before sending
Behavior portable serial 6	Run portable serial shard 6	2026-10-01T19:59:36.1214594Z ok - fm-send --resolve-key: a stamped close line stays inside the status-line cap
Behavior portable serial 6	Run portable serial shard 6	2026-10-01T19:59:37.7669241Z ok - fm-send --resolve-key: failed-close recovery commands safely quote operator text and paths
Behavior portable serial 6	Run portable serial shard 6	2026-10-01T19:59:39.6007983Z ok - fm-send --resolve-key: a remote secondmate reserved-key close is the same local ledger append
Behavior portable serial 6	Run portable serial shard 6	2026-10-01T19:59:44.5598857Z ok - fm-send --resolve-key: a decision answer refuses the attended branch before sending, a blocked: key stays steering, and the away-posture record relocates the answer
Behavior portable serial 6	Run portable serial shard 6	2026-10-01T19:59:44.6150332Z FM_TEST_END 2026-10-01T19:59:44Z tests/fm-send-resolve-key.test.sh exit=0 duration_ms=51300 gate_skip=false
Behavior portable serial 6	Run portable serial shard 6	2026-10-01T19:59:44.6386742Z FM_TEST_BEGIN 2026-10-01T19:59:44Z tests/fm-remote-secondmate-parent-binding.test.sh family=standalone expected_gate_skip=none
Behavior portable serial 6	Run portable serial shard 6	2026-10-01T19:59:46.2729025Z ok - remote provisioning publishes durable parent state before its completion marker
Behavior portable serial 6	Run portable serial shard 6	2026-10-01T20:00:15.9273409Z ok - a remote secondmate's finished worker cleans up when the remote code root's own .env looked relay-active
Behavior portable serial 6	Run portable serial shard 6	2026-10-01T20:00:17.1309987Z ok - a remote secondmate's finished worker cleans up when only an ambient exported token looked relay-active
Behavior portable serial 6	Run portable serial shard 6	2026-10-01T20:00:18.3351769Z ok - a remote secondmate's finished worker cleans up with no relay signal anywhere
Behavior portable serial 6	Run portable serial shard 6	2026-10-01T20:00:19.0351027Z ok - a remote secondmate's own committed relay token still refuses cleanup
Behavior portable serial 6	Run portable serial shard 6	2026-10-01T20:00:41.7742383Z ok - remote secondmate publication refuses targets outside its home
Behavior portable serial 6	Run portable serial shard 6	2026-10-01T20:00:41.7743242Z ALL TESTS PASSED
Behavior portable serial 6	Run portable serial shard 6	2026-10-01T20:00:42.3057587Z rm: cannot remove '/tmp/fm-remote-parent-binding.xCF8QP/remote-home/state/parent-route/ios.git-hooks/post-commit': Permission denied
Behavior portable serial 6	Run portable serial shard 6	2026-10-01T20:00:42.3059284Z rm: cannot remove '/tmp/fm-remote-parent-binding.xCF8QP/remote-home/state/parent-route/ios.git-hooks/pre-auto-gc': Permission denied
Behavior portable serial 6	Run portable serial shard 6	2026-10-01T20:00:42.3060769Z rm: cannot remove '/tmp/fm-remote-parent-binding.xCF8QP/remote-home/state/parent-route/ios.git-hooks/pre-commit': Permission denied
Behavior portable serial 6	Run portable serial shard 6	2026-10-01T20:00:42.3062183Z rm: cannot remove '/tmp/fm-remote-parent-binding.xCF8QP/remote-home/state/parent-route/ios.git-hooks/pre-rebase': Permission denied
Behavior portable serial 6	Run portable serial shard 6	2026-10-01T20:00:42.3064172Z rm: cannot remove '/tmp/fm-remote-parent-binding.xCF8QP/remote-home/state/parent-route/ios.git-hooks/commit-msg': Permission denied
Behavior portable serial 6	Run portable serial shard 6	2026-10-01T20:00:42.3066088Z rm: cannot remove '/tmp/fm-remote-parent-binding.xCF8QP/remote-home/state/parent-route/ios.git-hooks/prepare-commit-msg': Permission denied
Behavior portable serial 6	Run portable serial shard 6	2026-10-01T20:00:42.3067794Z rm: cannot remove '/tmp/fm-remote-parent-binding.xCF8QP/remote-home/state/parent-route/ios.git-hooks/pre-applypatch': Permission denied
Behavior portable serial 6	Run portable serial shard 6	2026-10-01T20:00:42.3069486Z rm: cannot remove '/tmp/fm-remote-parent-binding.xCF8QP/remote-home/state/parent-route/ios.git-hooks/post-applypatch': Permission denied
Behavior portable serial 6	Run portable serial shard 6	2026-10-01T20:00:42.3071085Z rm: cannot remove '/tmp/fm-remote-parent-binding.xCF8QP/remote-home/state/parent-route/ios.git-hooks/pre-merge-commit': Permission denied
Behavior portable serial 6	Run portable serial shard 6	2026-10-01T20:00:42.3072737Z rm: cannot remove '/tmp/fm-remote-parent-binding.xCF8QP/remote-home/state/parent-route/ios.git-hooks/pre-push': Permission denied
Behavior portable serial 6	Run portable serial shard 6	2026-10-01T20:00:42.3074320Z rm: cannot remove '/tmp/fm-remote-parent-binding.xCF8QP/remote-home/state/parent-route/ios.git-hooks/post-checkout': Permission denied
Behavior portable serial 6	Run portable serial shard 6	2026-10-01T20:00:42.3076183Z rm: cannot remove '/tmp/fm-remote-parent-binding.xCF8QP/remote-home/state/parent-route/ios.git-hooks/applypatch-msg': Permission denied
Behavior portable serial 6	Run portable serial shard 6	2026-10-01T20:00:42.3077508Z rm: cannot remove '/tmp/fm-remote-parent-binding.xCF8QP/remote-home/state/parent-route/ios.git-hooks/post-rewrite': Permission denied
Behavior portable serial 6	Run portable serial shard 6	2026-10-01T20:00:42.3078406Z rm: cannot remove '/tmp/fm-remote-parent-binding.xCF8QP/remote-home/state/parent-route/ios.git-hooks/post-merge': Permission denied
Behavior portable serial 6	Run portable serial shard 6	2026-10-01T20:00:42.3079330Z rm: cannot remove '/tmp/fm-remote-parent-binding.xCF8QP/remote-home/state/parent-route/ios.git-hooks/sendemail-validate': Permission denied
Behavior portable serial 6	Run portable serial shard 6	2026-10-01T20:00:42.3682989Z FM_TEST_END 2026-10-01T20:00:42Z tests/fm-remote-secondmate-parent-binding.test.sh exit=0 duration_ms=57721 gate_skip=false
Behavior portable serial 6	Run portable serial shard 6	2026-10-01T20:00:42.3917136Z FM_TEST_BEGIN 2026-10-01T20:00:42Z tests/fm-worker-account.test.sh family=backend-dispatch expected_gate_skip=none
Behavior portable serial 6	Run portable serial shard 6	2026-10-01T20:00:48.3225557Z ok - an absent pin leaves Claude and Pi launches exactly as they were
Behavior portable serial 6	Run portable serial shard 6	2026-10-01T20:00:51.3558192Z ok - a Claude pin selects its root and sheds the credentials that would outrank it
Behavior portable serial 6	Run portable serial shard 6	2026-10-01T20:00:51.6414153Z ok - a Claude pin refuses a signed-out root even when the invoking process has a usable login and API key
Behavior portable serial 6	Run portable serial shard 6	2026-10-01T20:00:54.9221551Z ok - an ordinary Claude pin selects the default login and drops an ambient root
Behavior portable serial 6	Run portable serial shard 6	2026-10-01T20:00:56.5456908Z ok - malformed, relative, CR-terminated, empty, extra-line, missing-root, and non-file pins refuse before launch
Behavior portable serial 6	Run portable serial shard 6	2026-10-01T20:00:59.4709619Z ok - a Pi pin selects its root and passes the declared provider
Behavior portable serial 6	Run portable serial shard 6	2026-10-01T20:01:00.7004531Z ok - a Pi pin refuses unqualified, missing, undeclared, signed-out, and raw launches
Behavior portable serial 6	Run portable serial shard 6	2026-10-01T20:01:07.1259745Z ok - extension providers and a Pi without auth check fall back to an exact model-listing match
Behavior portable serial 6	Run portable serial shard 6	2026-10-01T20:01:12.9055805Z ok - a Claude pin leaves codex and Pi launches unchanged
Behavior portable serial 6	Run portable serial shard 6	2026-10-01T20:01:15.8746558Z ok - a raw Claude launch command receives the home's pin
Behavior portable serial 6	Run portable serial shard 6	2026-10-01T20:01:16.3534383Z ok - a pinned home refuses a raw Claude command that overrides the account
Behavior portable serial 6	Run portable serial shard 6	2026-10-01T20:01:19.3278499Z ok - an unpinned home keeps a raw Claude account override
Behavior portable serial 6	Run portable serial shard 6	2026-10-01T20:01:21.2126681Z ok - a local secondmate reads the launching home's pin and its own home's file is never inherited over
Behavior portable serial 6	Run portable serial shard 6	2026-10-01T20:01:21.2127308Z # all fm-worker-account tests passed
Behavior portable serial 6	Run portable serial shard 6	2026-10-01T20:01:21.3259266Z FM_TEST_END 2026-10-01T20:01:21Z tests/fm-worker-account.test.sh exit=0 duration_ms=38926 gate_skip=false
Behavior portable serial 6	Run portable serial shard 6	2026-10-01T20:01:21.3491886Z FM_TEST_BEGIN 2026-10-01T20:01:21Z tests/fm-bootstrap-network-parallel.test.sh family=session-bootstrap expected_gate_skip=none
Behavior portable serial 6	Run portable serial shard 6	2026-10-01T20:01:24.9863894Z ok - bootstrap network (parallel): per-mate output stays intact, fail-closed, and correctly sequenced
Behavior portable serial 6	Run portable serial shard 6	2026-10-01T20:01:32.1230240Z ok - bootstrap network (fallback): per-mate output stays intact, fail-closed, and correctly sequenced
Behavior portable serial 6	Run portable serial shard 6	2026-10-01T20:01:51.6356722Z ok - a remote inheritance failure reports its own error line, not an earlier unchanged item
Behavior portable serial 6	Run portable serial shard 6	2026-10-01T20:01:51.6357330Z # all fm-bootstrap-network-parallel tests passed
Behavior portable serial 6	Run portable serial shard 6	2026-10-01T20:01:51.7410428Z FM_TEST_END 2026-10-01T20:01:51Z tests/fm-bootstrap-network-parallel.test.sh exit=0 duration_ms=30384 gate_skip=false
Behavior portable serial 6	Run portable serial shard 6	2026-10-01T20:01:51.7646546Z FM_TEST_BEGIN 2026-10-01T20:01:51Z tests/fm-spawn-compact-adviser-disable.test.sh family=backend-dispatch expected_gate_skip=none
Behavior portable serial 6	Run portable serial shard 6	2026-10-01T20:01:54.6599667Z ok - ship launch with no allowlist starts its agent with the compact-adviser switch on
Behavior portable serial 6	Run portable serial shard 6	2026-10-01T20:01:57.5173235Z ok - ship launch under an enabled allowlist keeps the compact-adviser switch through the cleared environment
Behavior portable serial 6	Run portable serial shard 6	2026-10-01T20:02:03.2267375Z ok - the launch command sets the switch on its own, whichever allowlist posture is in force
Behavior portable serial 6	Run portable serial shard 6	2026-10-01T20:02:06.8312380Z ok - a secondmate launch carries the compact-adviser switch in both allowlist postures
Behavior portable serial 6	Run portable serial shard 6	2026-10-01T20:02:11.5174988Z ok - ship and secondmate launches export their absolute steering inbox as FM_TASK_INBOX
Behavior portable serial 6	Run portable serial shard 6	2026-10-01T20:02:15.1646191Z ok - relaunch rebuilds the compact-adviser switch for the replacement agent in both allowlist postures
Behavior portable serial 6	Run portable serial shard 6	2026-10-01T20:02:17.9949249Z ok - a compound raw launch-command still starts its agent with the compact-adviser switch on
Behavior portable serial 6	Run portable serial shard 6	2026-10-01T20:02:18.0818957Z FM_TEST_END 2026-10-01T20:02:18Z tests/fm-spawn-compact-adviser-disable.test.sh exit=0 duration_ms=26309 gate_skip=false
Behavior portable serial 6	Run portable serial shard 6	2026-10-01T20:02:18.1051864Z FM_TEST_BEGIN 2026-10-01T20:02:18Z tests/fm-remote-doctor.test.sh family=secondmate expected_gate_skip=none
Behavior portable serial 6	Run portable serial shard 6	2026-10-01T20:02:18.3386707Z ok - a missing herdr CLI is a human gap that --fix never claims to close
Behavior portable serial 6	Run portable serial shard 6	2026-10-01T20:02:18.4535497Z ok - an absent launch agent is a fixable gap and the read-only run changes nothing
Behavior portable serial 6	Run portable serial shard 6	2026-10-01T20:02:18.9129612Z ok - --fix installs the dedicated fm-remote launch agent without touching default
Behavior portable serial 6	Run portable serial shard 6	2026-10-01T20:02:19.2201078Z ok - --fix is idempotent once the host is ready
Behavior portable serial 6	Run portable serial shard 6	2026-10-01T20:02:19.8996484Z ok - a loaded and running launch agent must match the complete owned contract
Behavior portable serial 6	Run portable serial shard 6	2026-10-01T20:02:20.6682322Z ok - a failed reload leaves stale effective launch-agent state unready
Behavior portable serial 6	Run portable serial shard 6	2026-10-01T20:02:21.2092736Z ok - a launch agent outside the Aqua session scope is rewritten in place
Behavior portable serial 6	Run portable serial shard 6	2026-10-01T20:02:22.1476947Z ok - launchd failures are reported and delayed server readiness is awaited
Behavior portable serial 6	Run portable serial shard 6	2026-10-01T20:02:24.2727734Z ok - a session served outside the Aqua login session is fixable and --fix retakes it through launchd
Behavior portable serial 6	Run portable serial shard 6	2026-10-01T20:02:24.4664708Z ok - human gaps are reported with their operator step and never claimed as fixed
Behavior portable serial 6	Run portable serial shard 6	2026-10-01T20:02:24.8895045Z ok - a bash Directory Services login shell is rendered with -l -c
Behavior portable serial 6	Run portable serial shard 6	2026-10-01T20:02:25.3137009Z ok - custom Directory Services shell paths remain valid plist arguments
Behavior portable serial 6	Run portable serial shard 6	2026-10-01T20:02:28.5754217Z ok - shell resolution bounds Directory Services and uses executable SHELL and POSIX fallbacks
Behavior portable serial 6	Run portable serial shard 6	2026-10-01T20:02:29.3199698Z ok - repeated repair reuses one resolved login shell and remains a no-op
Behavior portable serial 6	Run portable serial shard 6	2026-10-01T20:02:29.5281950Z ok - a non-darwin host skips launch agents and starts its herdr server directly
Behavior portable serial 6	Run portable serial shard 6	2026-10-01T20:02:29.9533907Z ok - --fix creates only owned version-manager wrappers and never clobbers an operator file
Behavior portable serial 6	Run portable serial shard 6	2026-10-01T20:02:34.1413126Z ok - doctor refreshes stale worker identity before probing tools
Behavior portable serial 6	Run portable serial shard 6	2026-10-01T20:02:34.4353195Z ok - the entrypoint symlink is recreated when absent and never overwritten when operator-owned
Behavior portable serial 6	Run portable serial shard 6	2026-10-01T20:02:34.4869477Z FM_TEST_END 2026-10-01T20:02:34Z tests/fm-remote-doctor.test.sh exit=0 duration_ms=16374 gate_skip=false
Behavior portable serial 6	Run portable serial shard 6	2026-10-01T20:02:34.5105419Z FM_TEST_BEGIN 2026-10-01T20:02:34Z tests/fm-watch-checkpoint.test.sh family=watcher-wake-lock expected_gate_skip=none
Behavior portable serial 6	Run portable serial shard 6	2026-10-01T20:02:35.6312497Z ok - quiet checkpoint exits 124 with a clean checkpoint line and no live lock
Behavior portable serial 6	Run portable serial shard 6	2026-10-01T20:02:39.2841610Z WAKE_ACK_REQUIRED: after handling completes run bin/fm-wake-drain.sh --ack-through 2 --recovery-generation 543584.1790884958.gKRtVV
Behavior portable serial 6	Run portable serial shard 6	2026-10-01T20:02:40.0382473Z ok - checkpoint passes through a real watcher wake and leaves the queue for drain
Behavior portable serial 6	Run portable serial shard 6	2026-10-01T20:02:41.0934474Z ok - checkpoint preserves watcher environment for registered custom checks
Behavior portable serial 6	Run portable serial shard 6	2026-10-01T20:02:41.2870415Z ok - checkpoint rejects an existing watcher singleton as unowned
Behavior portable serial 6	Run portable serial shard 6	2026-10-01T20:02:41.5422821Z ok - checkpoint: an opted-in home runs the host for the checkpoint's bound, raised only while away
Behavior portable serial 6	Run portable serial shard 6	2026-10-01T20:02:41.5917093Z ok - checkpoint: a handed-back wake passes through, and a host stand-down is a failure
Behavior portable serial 6	Run portable serial shard 6	2026-10-01T20:02:41.6321046Z ok - checkpoint: a Codex home without config/supervision-host, or with an off file, never runs the host
Behavior portable serial 6	Run portable serial shard 6	2026-10-01T20:02:46.2537896Z ok - checkpoint: the real host ends its park at the checkpoint bound as a quiet checkpoint
Behavior portable serial 6	Run portable serial shard 6	2026-10-01T20:02:46.2928777Z FM_TEST_END 2026-10-01T20:02:46Z tests/fm-watch-checkpoint.test.sh exit=0 duration_ms=11774 gate_skip=false
Behavior portable serial 6	Run portable serial shard 6	2026-10-01T20:02:46.3166716Z FM_TEST_BEGIN 2026-10-01T20:02:46Z tests/fm-spawn-worktree-settle.test.sh family=backend-dispatch expected_gate_skip=none
Behavior portable serial 6	Run portable serial shard 6	2026-10-01T20:02:50.2167189Z ok - a single transient stale pane_current_path read is not accepted as the worktree
Behavior portable serial 6	Run portable serial shard 6	2026-10-01T20:02:53.0735359Z ok - an already-settled pane confirms on the next read, not a whole extra cycle
Behavior portable serial 6	Run portable serial shard 6	2026-10-01T20:02:54.3727716Z ok - a transient primary-checkout pane read is not accepted as the worktree
Behavior portable serial 6	Run portable serial shard 6	2026-10-01T20:02:55.9857651Z ok - a pane stuck on the primary checkout fails loudly at the deadline
Behavior portable serial 6	Run portable serial shard 6	2026-10-01T20:02:55.9858173Z # all fm-spawn-worktree-settle tests passed
Behavior portable serial 6	Run portable serial shard 6	2026-10-01T20:02:56.0411521Z FM_TEST_END 2026-10-01T20:02:56Z tests/fm-spawn-worktree-settle.test.sh exit=0 duration_ms=9716 gate_skip=false
Behavior portable serial 6	Run portable serial shard 6	2026-10-01T20:02:56.0645688Z FM_TEST_BEGIN 2026-10-01T20:02:56Z tests/fm-turnend-foreign-owner-arm-fix.test.sh family=watcher-wake-lock expected_gate_skip=none
Behavior portable serial 6	Run portable serial shard 6	2026-10-01T20:02:56.5050109Z SETUP live synthetic owner= 552236 lock= 552236
Behavior portable serial 6	Run portable serial shard 6	2026-10-01T20:02:56.9299860Z second-session acquisition rc=0 stdout='lock_rc=1\n' stderr='error: another live firstmate session holds the lock (pid 552236); operate read-only until resolved\n'
Behavior portable serial 6	Run portable serial shard 6	2026-10-01T20:02:57.1803153Z nonowner autoarm rc=0 stdout='autoarm_rc=0\n' stderr=''
Behavior portable serial 6	Run portable serial shard 6	2026-10-01T20:02:57.4426727Z nonowner stop 1 rc=0 stdout='{"systemMessage":"FIRSTMATE SUPERVISION IS OWNED BY ANOTHER LIVE SESSION: this read-only session cannot and should not arm or repair the watcher (lock owner pid 552236). Allowing this turn to end safely; the owning session must restore supervision."}\n' stderr=''
Behavior portable serial 6	Run portable serial shard 6	2026-10-01T20:02:57.7049993Z nonowner stop 2 rc=0 stdout='{"systemMessage":"FIRSTMATE SUPERVISION IS OWNED BY ANOTHER LIVE SESSION: this read-only session cannot and should not arm or repair the watcher (lock owner pid 552236). Allowing this turn to end safely; the owning session must restore supervision."}\n' stderr=''
Behavior portable serial 6	Run portable serial shard 6	2026-10-01T20:02:57.9712491Z nonowner stop 3 rc=0 stdout='{"systemMessage":"FIRSTMATE SUPERVISION IS OWNED BY ANOTHER LIVE SESSION: this read-only session cannot and should not arm or repair the watcher (lock owner pid 552236). Allowing this turn to end safely; the owning session must restore supervision."}\n' stderr=''
Behavior portable serial 6	Run portable serial shard 6	2026-10-01T20:02:58.2340717Z nonowner stop 4 rc=0 stdout='{"systemMessage":"FIRSTMATE SUPERVISION IS OWNED BY ANOTHER LIVE SESSION: this read-only session cannot and should not arm or repair the watcher (lock owner pid 552236). Allowing this turn to end safely; the owning session must restore supervision."}\n' stderr=''
Behavior portable serial 6	Run portable serial shard 6	2026-10-01T20:02:58.4988331Z nonowner stop 5 rc=0 stdout='{"systemMessage":"FIRSTMATE SUPERVISION IS OWNED BY ANOTHER LIVE SESSION: this read-only session cannot and should not arm or repair the watcher (lock owner pid 552236). Allowing this turn to end safely; the owning session must restore supervision."}\n' stderr=''
Behavior portable serial 6	Run portable serial shard 6	2026-10-01T20:02:58.4990304Z FIXED repeated non-owner Stops: all five ended safely
Behavior portable serial 6	Run portable serial shard 6	2026-10-01T20:02:58.7589568Z fresh-beat-only counterfactual rc=0 stdout='{"systemMessage":"FIRSTMATE SUPERVISION IS OWNED BY ANOTHER LIVE SESSION: this read-only session cannot and should not arm or repair the watcher (lock owner pid 552236). Allowing this turn to end safely; the owning session must restore supervision."}\n' stderr=''
Behavior portable serial 6	Run portable serial shard 6	2026-10-01T20:03:00.5644846Z COUNTERFACTUAL dead original owner: watcher= 554550
Behavior portable serial 6	Run portable serial shard 6	2026-10-01T20:03:00.8810809Z replacement-owned healthy watcher rc=0 stdout='{"systemMessage":"FIRSTMATE SUPERVISION IS OWNED BY ANOTHER LIVE SESSION: this read-only session cannot and should not arm or repair the watcher (lock owner pid 553636). Allowing this turn to end safely; the owning session must restore supervision."}\n' stderr=''
Behavior portable serial 6	Run portable serial shard 6	2026-10-01T20:03:01.9892923Z same-session acquisition rc=0 stdout='lock acquired: harness pid 555111\nlock_rc=0\n' stderr=''
Behavior portable serial 6	Run portable serial shard 6	2026-10-01T20:03:02.4773714Z other-session acquisition rc=0 stdout='lock_rc=1\n' stderr='error: another live firstmate session holds the lock (pid 555111, session synthetic-same); operate read-only until resolved\n'
Behavior portable serial 6	Run portable serial shard 6	2026-10-01T20:03:02.8543936Z same-session stop rc=2 stdout='' stderr='●━━━━━━━━━━━━━━━━━━━━━━━━━━━━━━━━━━━━━━━━━━━━━━━━━━━━━━━━━━━━━━━━━━━━━━━\n●  TURN WOULD END BLIND - SUPERVISION IS OFF\n●  1 task(s) in flight, but no live watcher holds this home lock (last beat: 606s ago).\n●  The Stop-owned auto-arm did not claim this home either, so recovery is NOT already under way.\n●  watcher supervision needs Stop-owned automatic recovery; inspect the hook registration and startup status before ending the turn.\n●━━━━━━━━━━━━━━━━━━━━━━━━━━━━━━━━━━━━━━━━━━━━━━━━━━━━━━━━━━━━━━━━━━━━━━━\n'
Behavior portable serial 6	Run portable serial shard 6	2026-10-01T20:03:03.1455798Z other-session stop rc=0 stdout='{"systemMessage":"FIRSTMATE SUPERVISION IS OWNED BY ANOTHER LIVE SESSION: this read-only session cannot and should not arm or repair the watcher (lock owner pid 555111). Allowing this turn to end safely; the owning session must restore supervision."}\n' stderr=''
Behavior portable serial 6	Run portable serial shard 6	2026-10-01T20:03:03.1457746Z FIXED same-session id owns the lock; a different id is still foreign
Behavior portable serial 6	Run portable serial shard 6	2026-10-01T20:03:03.8713889Z single owner, no autoarm firing rc=0 stdout='lock acquired: harness pid 556452\nsingle_owner_verified=1\nsingle_owner_guard_rc=2\n' stderr='●━━━━━━━━━━━━━━━━━━━━━━━━━━━━━━━━━━━━━━━━━━━━━━━━━━━━━━━━━━━━━━━━━━━━━━━\n●  TURN WOULD END BLIND - SUPERVISION IS OFF\n●  1 task(s) in flight, but no live watcher holds this home lock (last beat: 607s ago).\n●  The Stop-owned auto-arm did not claim this home either, so recovery is NOT already under way.\n●  watcher supervision needs Stop-owned automatic recovery; inspect the hook registration and startup status before ending the turn.\n●━━━━━━━━━━━━━━━━━━━━━━━━━━━━━━━━━━━━━━━━━━━━━━━━━━━━━━━━━━━━━━━━━━━━━━━\n'
Behavior portable serial 6	Run portable serial shard 6	2026-10-01T20:03:03.8716532Z COMPLETE
Behavior portable serial 6	Run portable serial shard 6	2026-10-01T20:03:03.9073948Z FM_TEST_END 2026-10-01T20:03:03Z tests/fm-turnend-foreign-owner-arm-fix.test.sh exit=0 duration_ms=7835 gate_skip=false
Behavior portable serial 6	Run portable serial shard 6	2026-10-01T20:03:03.9307837Z FM_TEST_BEGIN 2026-10-01T20:03:03Z tests/fm-send-agy-confirm.test.sh family=unclassified expected_gate_skip=none
Behavior portable serial 6	Run portable serial shard 6	2026-10-01T20:03:04.7690579Z ok - agy typed send: no not-submitted refusal on confirmed idle-to-busy
Behavior portable serial 6	Run portable serial shard 6	2026-10-01T20:03:04.7741375Z ok - agy typed send: sleep log shows the confirm poll running to the late busy render
Behavior portable serial 6	Run portable serial shard 6	2026-10-01T20:03:05.5607954Z ok - agy typed send: explicit FM_SEND_RETRIES=3 keeps the exit-1 verdict=unknown refusal
Behavior portable serial 6	Run portable serial shard 6	2026-10-01T20:03:06.5988672Z ok - agy typed send: never-rendering busy footer still refuses with verdict=unknown
Behavior portable serial 6	Run portable serial shard 6	2026-10-01T20:03:07.5464596Z ok - agy typed send: long-brief render (15th poll) still confirms idle-to-busy
Behavior portable serial 6	Run portable serial shard 6	2026-10-01T20:03:08.3341856Z ok - claude typed send: late busy footer still refuses (agy budget is agy-scoped)
Behavior portable serial 6	Run portable serial shard 6	2026-10-01T20:03:08.3692669Z FM_TEST_END 2026-10-01T20:03:08Z tests/fm-send-agy-confirm.test.sh exit=0 duration_ms=4430 gate_skip=false
Behavior portable serial 6	Run portable serial shard 6	2026-10-01T20:03:08.3930119Z FM_TEST_BEGIN 2026-10-01T20:03:08Z tests/fm-worker-account-live-e2e.test.sh family=live-harness-optin expected_gate_skip=live-capability
Behavior portable serial 6	Run portable serial shard 6	2026-10-01T20:03:08.4271244Z skip-runner: claude is not installed, so its pin check was not exercised
Behavior portable serial 6	Run portable serial shard 6	2026-10-01T20:03:11.5144423Z ok - pi 1.0.0: the pin check reads auth check and the model listing, and refuses what only an ambient credential signs in
Behavior portable serial 6	Run portable serial shard 6	2026-10-01T20:03:11.5145652Z skip-runner: pi-signed is not installed, so its pin check was not exercised
Behavior portable serial 6	Run portable serial shard 6	2026-10-01T20:03:11.5149787Z # worker account live guard checked: pi
Behavior portable serial 6	Run portable serial shard 6	2026-10-01T20:03:11.5487067Z FM_TEST_END 2026-10-01T20:03:11Z tests/fm-worker-account-live-e2e.test.sh exit=0 duration_ms=3148 gate_skip=false
Behavior portable serial 6	Run portable serial shard 6	2026-10-01T20:03:11.5721486Z FM_TEST_BEGIN 2026-10-01T20:03:11Z tests/fm-operational-input.test.sh family=pure-contract-unit expected_gate_skip=none
Behavior portable serial 6	Run portable serial shard 6	2026-10-01T20:03:11.6714389Z ok - operational input: every current generic envelope retains its exact structured kind
Behavior portable serial 6	Run portable serial shard 6	2026-10-01T20:03:11.6777851Z ok - operational input: the established from-firstmate carrier remains structurally typed and byte-compatible
Behavior portable serial 6	Run portable serial shard 6	2026-10-01T20:03:11.6835722Z ok - operational input: untyped landed FIRSTMATE_OP transcripts are explicit legacy-operational input
Behavior portable serial 6	Run portable serial shard 6	2026-10-01T20:03:11.6842720Z ok - operational input: historical prose compatibility is isolated from current parsing
Behavior portable serial 6	Run portable serial shard 6	2026-10-01T20:03:11.7374408Z ok - operational input: quoted, ASCII-only, arbitrary-U+2063, altered-legacy, and label-only near misses stay genuine
Behavior portable serial 6	Run portable serial shard 6	2026-10-01T20:03:11.7788769Z ok - operational input: the OpenCode adapter constructs through the canonical owner
Behavior portable serial 6	Run portable serial shard 6	2026-10-01T20:03:11.7899950Z ok - operational input: current construction rejects legacy kinds and empty bodies
Behavior portable serial 6	Run portable serial shard 6	2026-10-01T20:03:11.9409169Z ok - record-backed carrier: Claude-only selection, an ASCII doorbell naming an exact envelope record, home-bound open, and no recognition without the record
Behavior portable serial 6	Run portable serial shard 6	2026-10-01T20:03:14.1241199Z ok - record pruning: expired records past one argument list are all pruned on a write
Behavior portable serial 6	Run portable serial shard 6	2026-10-01T20:03:14.1701591Z FM_TEST_END 2026-10-01T20:03:14Z tests/fm-operational-input.test.sh exit=0 duration_ms=2590 gate_skip=false
Behavior portable serial 6	Run portable serial shard 6	2026-10-01T20:03:14.1933150Z FM_TEST_BEGIN 2026-10-01T20:03:14Z tests/fm-lint-workflows.test.sh family=pure-contract-unit expected_gate_skip=none
Behavior portable serial 6	Run portable serial shard 6	2026-10-01T20:03:14.2255212Z ok - fm-lint-workflows.sh pins an explicit actionlint version (1.7.12)
Behavior portable serial 6	Run portable serial shard 6	2026-10-01T20:03:14.2400256Z ok - current .github/workflows YAML files parse
Behavior portable serial 6	Run portable serial shard 6	2026-10-01T20:03:14.2591342Z ok - column-0 heredoc workflow fails validation with a clear error
Behavior portable serial 6	Run portable serial shard 6	2026-10-01T20:03:14.2782537Z ok - valid fixture workflow passes
Behavior portable serial 6	Run portable serial shard 6	2026-10-01T20:03:14.2893185Z ok - empty workflows directory fails closed
Behavior portable serial 6	Run portable serial shard 6	2026-10-01T20:03:14.3034970Z ok - explicit malformed workflow path fails validation
Behavior portable serial 6	Run portable serial shard 6	2026-10-01T20:03:14.3211333Z ok - non-mapping workflow YAML root fails
Behavior portable serial 6	Run portable serial shard 6	2026-10-01T20:03:14.3436910Z ok - missing actionlint fails closed
Behavior portable serial 6	Run portable serial shard 6	2026-10-01T20:03:14.3637951Z ok - fm-lint-workflows.sh refuses to lint under a non-pinned actionlint version
Behavior portable serial 6	Run portable serial shard 6	2026-10-01T20:03:14.4282332Z ok - actionlint installer retries a transient download failure
Behavior portable serial 6	Run portable serial shard 6	2026-10-01T20:03:14.7116767Z ok - actionlint installer selects the official archive, URL, and checksum per OS/arch
Behavior portable serial 6	Run portable serial shard 6	2026-10-01T20:03:14.7477120Z ok - actionlint installer rejects a wrong checksum
Behavior portable serial 6	Run portable serial shard 6	2026-10-01T20:03:14.8084434Z ok - actionlint installer falls back to shasum -a 256 when sha256sum is absent
Behavior portable serial 6	Run portable serial shard 6	2026-10-01T20:03:14.8590001Z ok - actionlint installer prefers sha256sum when both hashers are present
Behavior portable serial 6	Run portable serial shard 6	2026-10-01T20:03:14.8947696Z ok - actionlint installer rejects an unsupported OS or architecture
Behavior portable serial 6	Run portable serial shard 6	2026-10-01T20:03:14.9764033Z ok - fm-lint.sh default path catches a self-broken ci.yml
Behavior portable serial 6	Run portable serial shard 6	2026-10-01T20:03:15.0583347Z FM_TEST_END 2026-10-01T20:03:15Z tests/fm-lint-workflows.test.sh exit=0 duration_ms=856 gate_skip=false
Behavior portable serial 6	Run portable serial shard 6	2026-10-01T20:03:15.0820915Z FM_TEST_BEGIN 2026-10-01T20:03:15Z tests/fm-backend-tmux-smoke.test.sh family=backend-dispatch expected_gate_skip=none
Behavior portable serial 6	Run portable serial shard 6	2026-10-01T20:03:15.1429981Z @1
Behavior portable serial 6	Run portable serial shard 6	2026-10-01T20:03:15.1546483Z ok - real tmux: fm_backend_tmux_create_task creates a window and refuses a duplicate
Behavior portable serial 6	Run portable serial shard 6	2026-10-01T20:03:15.2031607Z ok - real tmux: fm_backend_tmux_send_text_line sends literal text and submits with Enter
Behavior portable serial 6	Run portable serial shard 6	2026-10-01T20:03:15.2302581Z ok - real tmux: fm_backend_tmux_send_literal + fm_backend_tmux_send_key Enter submit as two separate steps
Behavior portable serial 6	Run portable serial shard 6	2026-10-01T20:03:15.2537005Z ok - real tmux: fm_backend_tmux_capture's -S -N bound trims old history for a small window and reaches it for a large one
Behavior portable serial 6	Run portable serial shard 6	2026-10-01T20:03:15.2602523Z ok - real tmux: fm_backend_tmux_resolve_bare_selector (list-live) finds the created window by name
Behavior portable serial 6	Run portable serial shard 6	2026-10-01T20:03:15.2657201Z ok - real tmux: fm_backend_tmux_resolve_bare_selector fails for a window that does not exist
Behavior portable serial 6	Run portable serial shard 6	2026-10-01T20:03:15.2979181Z ok - real tmux: kill removes the window and the readable session inventory authoritatively classifies it missing
Behavior portable serial 6	Run portable serial shard 6	2026-10-01T20:03:15.3288800Z FM_TEST_END 2026-10-01T20:03:15Z tests/fm-backend-tmux-smoke.test.sh exit=0 duration_ms=239 gate_skip=false
Behavior portable serial 6	Run portable serial shard 6	2026-10-01T20:03:15.3525105Z FM_TEST_BEGIN 2026-10-01T20:03:15Z tests/fm-forge-detect.test.sh family=pure-contract-unit expected_gate_skip=none
Behavior portable serial 6	Run portable serial shard 6	2026-10-01T20:03:15.3967995Z ok - an origin on SSH port 29418 proposes forge=gerrit and names the evidence
Behavior portable serial 6	Run portable serial shard 6	2026-10-01T20:03:15.4130479Z ok - a refs/for/ push refspec proposes forge=gerrit and names the evidence
Behavior portable serial 6	Run portable serial shard 6	2026-10-01T20:03:15.4680774Z ok - a remote carrying neither Gerrit fact proposes forge=none
Behavior portable serial 6	Run portable serial shard 6	2026-10-01T20:03:15.4848807Z ok - detection reads the clone's config and changes nothing
Behavior portable serial 6	Run portable serial shard 6	2026-10-01T20:03:15.4901647Z ok - a directory that is not a git work tree is refused with exit 2
Behavior portable serial 6	Run portable serial shard 6	2026-10-01T20:03:15.4902328Z # all fm-forge-detect tests passed
Behavior portable serial 6	Run portable serial shard 6	2026-10-01T20:03:15.5296595Z FM_TEST_END 2026-10-01T20:03:15Z tests/fm-forge-detect.test.sh exit=0 duration_ms=169 gate_skip=false
Behavior portable serial 6	Run portable serial shard 6	2026-10-01T20:03:15.5533423Z FM_TEST_BEGIN 2026-10-01T20:03:15Z tests/fm-project-origin.test.sh family=standalone expected_gate_skip=none
Behavior portable serial 6	Run portable serial shard 6	2026-10-01T20:03:15.6284131Z ok - ordinary clone URLs are accepted and clone with the command the remote host runs
Behavior portable serial 6	Run portable serial shard 6	2026-10-01T20:03:15.6408227Z ok - executable transports, option-shaped values, and unusable spellings are refused
Behavior portable serial 6	Run portable serial shard 6	2026-10-01T20:03:15.6408754Z ALL TESTS PASSED
Behavior portable serial 6	Run portable serial shard 6	2026-10-01T20:03:15.6806556Z FM_TEST_END 2026-10-01T20:03:15Z tests/fm-project-origin.test.sh exit=0 duration_ms=119 gate_skip=false
Behavior portable serial 6	Run portable serial shard 6	2026-10-01T20:03:15.7042454Z FM_TEST_BEGIN 2026-10-01T20:03:15Z tests/fm-composer-codex-idle-live-e2e.test.sh family=live-harness-optin expected_gate_skip=live-capability
Behavior portable serial 6	Run portable serial shard 6	2026-10-01T20:03:15.7315079Z skip: live: codex absent
Behavior portable serial 6	Run portable serial shard 6	2026-10-01T20:03:15.7658945Z fm-test-run: gate skip: tests/fm-composer-codex-idle-live-e2e.test.sh: live: codex absent
Behavior portable serial 6	Run portable serial shard 6	2026-10-01T20:03:15.7660324Z FM_TEST_END 2026-10-01T20:03:15Z tests/fm-composer-codex-idle-live-e2e.test.sh exit=0 duration_ms=49 gate_skip=true
Behavior portable serial 6	Run portable serial shard 6	2026-10-01T20:03:15.7898260Z FM_TEST_BEGIN 2026-10-01T20:03:15Z tests/fm-pi-primary-live-e2e.test.sh family=live-harness-optin expected_gate_skip=live-capability
Behavior portable serial 6	Run portable serial shard 6	2026-10-01T20:03:15.8169359Z skip: live: opt-in; set FM_PI_LIVE_E2E=1 to run
Behavior portable serial 6	Run portable serial shard 6	2026-10-01T20:03:15.8515111Z fm-test-run: gate skip: tests/fm-pi-primary-live-e2e.test.sh: live: opt-in; set FM_PI_LIVE_E2E=1 to run
Behavior portable serial 6	Run portable serial shard 6	2026-10-01T20:03:15.8516985Z FM_TEST_END 2026-10-01T20:03:15Z tests/fm-pi-primary-live-e2e.test.sh exit=0 duration_ms=49 gate_skip=true
Behavior portable serial 6	Run portable serial shard 6	2026-10-01T20:03:15.8754207Z FM_TEST_BEGIN 2026-10-01T20:03:15Z tests/fm-bearings-board-lavish-live-e2e.test.sh family=live-harness-optin expected_gate_skip=live-capability
Behavior portable serial 6	Run portable serial shard 6	2026-10-01T20:03:15.9044176Z skip: live: lavish-axi absent
Behavior portable serial 6	Run portable serial shard 6	2026-10-01T20:03:15.9389822Z fm-test-run: gate skip: tests/fm-bearings-board-lavish-live-e2e.test.sh: live: lavish-axi absent
Behavior portable serial 6	Run portable serial shard 6	2026-10-01T20:03:15.9391190Z FM_TEST_END 2026-10-01T20:03:15Z tests/fm-bearings-board-lavish-live-e2e.test.sh exit=0 duration_ms=50 gate_skip=true
Behavior portable serial 6	Run portable serial shard 6	2026-10-01T20:03:15.9627135Z FM_TEST_BEGIN 2026-10-01T20:03:15Z tests/fm-sessionstart-instruction-refresh-live-e2e.test.sh family=live-harness-optin expected_gate_skip=live-capability
Behavior portable serial 6	Run portable serial shard 6	2026-10-01T20:03:15.9895709Z skip: live: opt-in; set FM_SESSIONSTART_INSTRUCTION_REFRESH_LIVE_E2E=1 to run
Behavior portable serial 6	Run portable serial shard 6	2026-10-01T20:03:16.0239620Z fm-test-run: gate skip: tests/fm-sessionstart-instruction-refresh-live-e2e.test.sh: live: opt-in; set FM_SESSIONSTART_INSTRUCTION_REFRESH_LIVE_E2E=1 to run
Behavior portable serial 6	Run portable serial shard 6	2026-10-01T20:03:16.0241418Z FM_TEST_END 2026-10-01T20:03:16Z tests/fm-sessionstart-instruction-refresh-live-e2e.test.sh exit=0 duration_ms=48 gate_skip=true
Behavior portable serial 6	Run portable serial shard 6	2026-10-01T20:03:16.0475558Z FM_TEST_BEGIN 2026-10-01T20:03:16Z tests/fm-backend-cmux-smoke.test.sh family=cmux expected_gate_skip=optional-binary
Behavior portable serial 6	Run portable serial shard 6	2026-10-01T20:03:16.0624847Z skip: cmux CLI not found on PATH or at the bundle path
Behavior portable serial 6	Run portable serial shard 6	2026-10-01T20:03:16.0937581Z fm-test-run: gate skip: tests/fm-backend-cmux-smoke.test.sh: cmux CLI not found on PATH or at the bundle path
Behavior portable serial 6	Run portable serial shard 6	2026-10-01T20:03:16.0946458Z FM_TEST_END 2026-10-01T20:03:16Z tests/fm-backend-cmux-smoke.test.sh exit=0 duration_ms=33 gate_skip=true
Behavior portable serial 6	Run portable serial shard 6	2026-10-01T20:03:16.1148151Z FM_TEST_SUMMARY total=27 failed=1 skipped_gate=5 duration_ms=1031645
Behavior portable serial 6	Run portable serial shard 6	2026-10-01T20:03:16.1165213Z FM_TEST_SUMMARY_FAMILY family=backend-dispatch count=5 duration_ms=126490 failed=0
Behavior portable serial 6	Run portable serial shard 6	2026-10-01T20:03:16.1166344Z FM_TEST_SUMMARY_FAMILY family=cmux count=1 duration_ms=33 failed=0
Behavior portable serial 6	Run portable serial shard 6	2026-10-01T20:03:16.1167257Z FM_TEST_SUMMARY_FAMILY family=live-harness-optin count=5 duration_ms=3344 failed=0
Behavior portable serial 6	Run portable serial shard 6	2026-10-01T20:03:16.1168278Z FM_TEST_SUMMARY_FAMILY family=pr-forge count=1 duration_ms=307405 failed=0
Behavior portable serial 6	Run portable serial shard 6	2026-10-01T20:03:16.1169247Z FM_TEST_SUMMARY_FAMILY family=pure-contract-unit count=4 duration_ms=38704 failed=1
Behavior portable serial 6	Run portable serial shard 6	2026-10-01T20:03:16.1170214Z FM_TEST_SUMMARY_FAMILY family=secondmate count=2 duration_ms=124646 failed=0
Behavior portable serial 6	Run portable serial shard 6	2026-10-01T20:03:16.1171117Z FM_TEST_SUMMARY_FAMILY family=session-bootstrap count=1 duration_ms=30384 failed=0
Behavior portable serial 6	Run portable serial shard 6	2026-10-01T20:03:16.1171671Z FM_TEST_SUMMARY_FAMILY family=standalone count=3 duration_ms=119765 failed=0
Behavior portable serial 6	Run portable serial shard 6	2026-10-01T20:03:16.1172193Z FM_TEST_SUMMARY_FAMILY family=unclassified count=1 duration_ms=4430 failed=0
Behavior portable serial 6	Run portable serial shard 6	2026-10-01T20:03:16.1172757Z FM_TEST_SUMMARY_FAMILY family=watcher-wake-lock count=4 duration_ms=274378 failed=0
Behavior portable serial 6	Run portable serial shard 6	2026-10-01T20:03:16.1193447Z FM_TEST_SLOWEST rank=1 script=tests/fm-pr-check-security.test.sh duration_ms=307405
Behavior portable serial 6	Run portable serial shard 6	2026-10-01T20:03:16.1194652Z FM_TEST_SLOWEST rank=2 script=tests/fm-wake-queue.test.sh duration_ms=184709
Behavior portable serial 6	Run portable serial shard 6	2026-10-01T20:03:16.1196082Z FM_TEST_SLOWEST rank=3 script=tests/fm-remote-backlog-handoff.test.sh duration_ms=108272
Behavior portable serial 6	Run portable serial shard 6	2026-10-01T20:03:16.1197271Z FM_TEST_SLOWEST rank=4 script=tests/fm-watcher-lock.test.sh duration_ms=70060
Behavior portable serial 6	Run portable serial shard 6	2026-10-01T20:03:16.1198476Z FM_TEST_SLOWEST rank=5 script=tests/fm-claude-stop-autoarm.test.sh duration_ms=61925
Behavior portable serial 6	Run portable serial shard 6	2026-10-01T20:03:16.1199715Z FM_TEST_SLOWEST rank=6 script=tests/fm-remote-secondmate-parent-binding.test.sh duration_ms=57721
Behavior portable serial 6	Run portable serial shard 6	2026-10-01T20:03:16.1201039Z FM_TEST_SLOWEST rank=7 script=tests/fm-send-resolve-key.test.sh duration_ms=51300
Behavior portable serial 6	Run portable serial shard 6	2026-10-01T20:03:16.1202111Z FM_TEST_SLOWEST rank=8 script=tests/fm-worker-account.test.sh duration_ms=38926
Behavior portable serial 6	Run portable serial shard 6	2026-10-01T20:03:16.1203271Z FM_TEST_SLOWEST rank=9 script=tests/fm-calm-pi-extension.test.sh duration_ms=35089
Behavior portable serial 6	Run portable serial shard 6	2026-10-01T20:03:16.1204465Z FM_TEST_SLOWEST rank=10 script=tests/fm-bootstrap-network-parallel.test.sh duration_ms=30384
Behavior portable serial 6	Run portable serial shard 6	2026-10-01T20:03:16.1205857Z FM_TEST_SLOWEST rank=11 script=tests/fm-spawn-compact-adviser-disable.test.sh duration_ms=26309
Behavior portable serial 6	Run portable serial shard 6	2026-10-01T20:03:16.1207669Z FM_TEST_SLOWEST rank=12 script=tests/fm-remote-doctor.test.sh duration_ms=16374
Behavior portable serial 6	Run portable serial shard 6	2026-10-01T20:03:16.1208999Z FM_TEST_SLOWEST rank=13 script=tests/fm-watch-checkpoint.test.sh duration_ms=11774
Behavior portable serial 6	Run portable serial shard 6	2026-10-01T20:03:16.1210132Z FM_TEST_SLOWEST rank=14 script=tests/fm-spawn-worktree-settle.test.sh duration_ms=9716
Behavior portable serial 6	Run portable serial shard 6	2026-10-01T20:03:16.1211326Z FM_TEST_SLOWEST rank=15 script=tests/fm-turnend-foreign-owner-arm-fix.test.sh duration_ms=7835
Behavior portable serial 6	Run portable serial shard 6	2026-10-01T20:03:16.1481104Z fm-test-run: wrote timing artifact: /home/runner/work/_temp/fm-test/fm-test-timing-portable-serial-6.json
Behavior portable serial 6	Run portable serial shard 6	2026-10-01T20:03:16.1532008Z ##[error]Process completed with exit code 1.
